-- phpMyAdmin SQL Dump
-- version 4.9.2
-- https://www.phpmyadmin.net/
--
-- Host: 127.0.0.1
-- Generation Time: Jul 15, 2020 at 04:35 PM
-- Server version: 10.4.11-MariaDB
-- PHP Version: 7.4.1

SET SQL_MODE = "NO_AUTO_VALUE_ON_ZERO";
SET AUTOCOMMIT = 0;
START TRANSACTION;
SET time_zone = "+00:00";


/*!40101 SET @OLD_CHARACTER_SET_CLIENT=@@CHARACTER_SET_CLIENT */;
/*!40101 SET @OLD_CHARACTER_SET_RESULTS=@@CHARACTER_SET_RESULTS */;
/*!40101 SET @OLD_COLLATION_CONNECTION=@@COLLATION_CONNECTION */;
/*!40101 SET NAMES utf8mb4 */;

--
-- Database: `socialnetwork`
--

-- --------------------------------------------------------

--
-- Table structure for table `comments_post_parents`
--

CREATE TABLE `comments_post_parents` (
  `id` bigint(20) UNSIGNED NOT NULL,
  `content` varchar(555) COLLATE utf8mb4_unicode_ci NOT NULL,
  `post_id` int(11) NOT NULL,
  `user_id` int(11) NOT NULL,
  `created_at` timestamp NULL DEFAULT NULL,
  `updated_at` timestamp NULL DEFAULT NULL
) ENGINE=InnoDB DEFAULT CHARSET=utf8mb4 COLLATE=utf8mb4_unicode_ci;

--
-- Dumping data for table `comments_post_parents`
--

INSERT INTO `comments_post_parents` (`id`, `content`, `post_id`, `user_id`, `created_at`, `updated_at`) VALUES
(84, 'có vẻ nó đã hoạt động tốt', 175, 1, '2020-04-12 03:26:00', '2020-04-12 03:26:00'),
(89, 'quá tuyệt vời, mọi thứ vẫn ổn', 234, 1, '2020-04-28 13:28:38', '2020-04-28 13:28:38'),
(100, 'hmmm, vấn đề này khá khó', 235, 1, '2020-05-16 13:37:52', '2020-05-16 13:37:52'),
(101, 'great <3', 175, 1, '2020-05-16 13:44:20', '2020-05-16 13:44:20'),
(102, 'đèn quá đẹp luôn', 141, 1, '2020-05-16 14:22:03', '2020-05-16 14:22:03'),
(104, 'tây đô university', 175, 2, '2020-05-18 06:01:28', '2020-05-18 06:01:28'),
(108, 'tối vui vẻ', 247, 1, '2020-05-20 13:30:24', '2020-05-20 13:30:24'),
(109, 'hahaha', 249, 6, '2020-06-01 14:25:30', '2020-06-01 14:25:30'),
(110, '        Lorem ipsum dolor sit amet consectetur, adipisicing elit. Vitae, eligendi facilis? Inventore, dignissimos. Accusantium, voluptatum sint! Suscipit, tenetur cupiditate molestiae enim magnam, cumque, eveniet voluptatibus temporibus delectus dolorem fuga animi.\r\n', 253, 4, '2020-06-02 02:08:39', '2020-06-02 02:08:39'),
(112, 'một ngày trôi thật nhanh', 247, 5, '2020-06-02 04:25:01', '2020-06-02 04:25:01'),
(122, 'ở đâu mượn được cặp kính vậy ?', 249, 2, '2020-06-10 14:03:42', '2020-06-10 14:03:42'),
(129, 'woa, kiến thức rất tuyệt vời', 269, 1, '2020-06-16 17:48:45', '2020-06-16 17:48:45'),
(130, 'mình mới học một ít kiến thức cơ bản của html nè :))', 269, 5, '2020-06-16 17:49:32', '2020-06-16 17:49:32');

-- --------------------------------------------------------

--
-- Table structure for table `friends`
--

CREATE TABLE `friends` (
  `id` bigint(20) UNSIGNED NOT NULL,
  `to_user_id` int(11) NOT NULL,
  `user_id` int(11) NOT NULL,
  `status` varchar(191) COLLATE utf8mb4_unicode_ci NOT NULL DEFAULT 'not_friend',
  `created_at` timestamp NULL DEFAULT NULL,
  `updated_at` timestamp NULL DEFAULT NULL
) ENGINE=InnoDB DEFAULT CHARSET=utf8mb4 COLLATE=utf8mb4_unicode_ci;

--
-- Dumping data for table `friends`
--

INSERT INTO `friends` (`id`, `to_user_id`, `user_id`, `status`, `created_at`, `updated_at`) VALUES
(44, 1, 5, 'friended', '2020-04-25 03:50:43', '2020-04-25 03:51:00'),
(47, 2, 1, 'friended', '2020-05-19 07:56:17', '2020-05-19 07:56:40'),
(60, 1, 4, 'not_friend', '2020-06-10 04:51:24', '2020-06-10 04:51:24'),
(63, 1, 9, 'not_friend', '2020-06-16 20:10:03', '2020-06-16 20:10:03'),
(64, 3, 1, 'friended', '2020-06-16 20:32:45', '2020-06-17 12:14:58'),
(65, 1, 11, 'friended', '2020-06-18 02:22:50', '2020-06-18 02:23:53');

-- --------------------------------------------------------

--
-- Table structure for table `friend_messages`
--

CREATE TABLE `friend_messages` (
  `id` bigint(20) UNSIGNED NOT NULL,
  `user_id` int(11) NOT NULL,
  `to_user_id` int(11) NOT NULL,
  `content` varchar(191) COLLATE utf8mb4_unicode_ci NOT NULL,
  `created_at` timestamp NULL DEFAULT NULL,
  `updated_at` timestamp NULL DEFAULT NULL
) ENGINE=InnoDB DEFAULT CHARSET=utf8mb4 COLLATE=utf8mb4_unicode_ci;

--
-- Dumping data for table `friend_messages`
--

INSERT INTO `friend_messages` (`id`, `user_id`, `to_user_id`, `content`, `created_at`, `updated_at`) VALUES
(1, 1, 2, 'nội dung tin nhắn', '2020-04-07 17:00:00', '2020-04-07 17:00:00'),
(2, 2, 1, 'nội dung tin nhắn', '2020-04-07 17:00:00', '2020-04-07 17:00:00'),
(6, 3, 1, 'nội dung tin nhắn', '2020-04-07 17:00:00', '2020-04-07 17:00:00'),
(7, 1, 3, 'nội dung tin nhắn', '2020-04-07 17:00:00', '2020-04-07 17:00:00'),
(8, 1, 2, 'nội dung tin nhắn', '2020-04-08 11:55:44', '2020-04-08 11:55:44'),
(9, 2, 1, 'nội dung tin nhắn', '2020-04-08 11:56:03', '2020-04-08 11:56:03'),
(10, 3, 1, 'nội dung tin nhắn', '2020-04-08 11:56:18', '2020-04-08 11:56:18'),
(11, 1, 3, 'nội dung tin nhắn', '2020-04-08 11:56:31', '2020-04-08 11:56:31'),
(12, 1, 2, 'nội dung tin nhắn', '2020-04-09 03:01:13', '2020-04-09 03:01:13'),
(13, 1, 2, 'nội dung tin nhắn', '2020-04-09 03:01:23', '2020-04-09 03:01:23'),
(14, 1, 2, 'nội dung tin nhắn', '2020-04-09 03:01:54', '2020-04-09 03:01:54'),
(15, 1, 2, 'nội dung tin nhắn', '2020-04-09 03:02:25', '2020-04-09 03:02:25'),
(16, 1, 2, 'nội dung tin nhắn', '2020-04-09 03:03:06', '2020-04-09 03:03:06'),
(17, 1, 2, 'nội dung tin nhắn', '2020-04-09 03:04:22', '2020-04-09 03:04:22'),
(18, 1, 2, 'nội dung tin nhắn', '2020-04-09 03:04:48', '2020-04-09 03:04:48'),
(19, 1, 2, 'nội dung tin nhắn', '2020-04-09 03:06:27', '2020-04-09 03:06:27'),
(20, 1, 2, 'nội dung tin nhắn', '2020-04-09 03:07:04', '2020-04-09 03:07:04'),
(21, 1, 2, 'nội dung tin nhắn', '2020-04-09 03:07:25', '2020-04-09 03:07:25'),
(22, 1, 2, 'nội dung tin nhắn', '2020-04-09 03:08:13', '2020-04-09 03:08:13'),
(23, 1, 2, 'nội dung tin nhắn', '2020-04-09 03:09:46', '2020-04-09 03:09:46'),
(24, 1, 2, 'nội dung tin nhắn', '2020-04-09 03:53:52', '2020-04-09 03:53:52'),
(25, 1, 2, 'nội dung tin nhắn', '2020-04-09 03:54:02', '2020-04-09 03:54:02'),
(26, 1, 2, 'nội dung tin nhắn', '2020-04-09 04:21:29', '2020-04-09 04:21:29'),
(27, 1, 2, 'nội dung tin nhắn', '2020-04-09 04:23:14', '2020-04-09 04:23:14'),
(28, 1, 2, 'nội dung tin nhắn', '2020-04-09 04:25:27', '2020-04-09 04:25:27'),
(29, 1, 2, 'nội dung tin nhắn', '2020-04-09 04:25:42', '2020-04-09 04:25:42'),
(30, 1, 2, 'nội dung tin nhắn', '2020-04-09 04:26:37', '2020-04-09 04:26:37'),
(31, 2, 1, 'nội dung tin nhắn', '2020-04-09 04:26:54', '2020-04-09 04:26:54'),
(32, 1, 2, 'nội dung tin nhắn', '2020-04-09 04:27:45', '2020-04-09 04:27:45'),
(33, 1, 2, 'nội dung tin nhắn', '2020-04-09 04:27:58', '2020-04-09 04:27:58'),
(34, 1, 2, 'nội dung tin nhắn', '2020-04-09 07:32:24', '2020-04-09 07:32:24'),
(35, 1, 2, 'nội dung tin nhắn', '2020-04-09 07:35:58', '2020-04-09 07:35:58'),
(36, 2, 1, 'nội dung tin nhắn', '2020-04-09 07:51:17', '2020-04-09 07:51:17'),
(37, 1, 2, 'nội dung tin nhắn', '2020-04-09 07:58:44', '2020-04-09 07:58:44'),
(38, 1, 2, 'nội dung tin nhắn', '2020-04-09 07:58:51', '2020-04-09 07:58:51'),
(39, 1, 2, 'nội dung tin nhắn', '2020-04-09 08:01:20', '2020-04-09 08:01:20'),
(40, 2, 1, 'nội dung tin nhắn', '2020-04-09 08:01:28', '2020-04-09 08:01:28'),
(41, 1, 2, 'nội dung tin nhắn', '2020-04-09 08:01:37', '2020-04-09 08:01:37'),
(42, 1, 2, 'nội dung tin nhắn', '2020-04-09 08:02:14', '2020-04-09 08:02:14'),
(43, 2, 1, 'nội dung tin nhắn', '2020-04-09 08:02:27', '2020-04-09 08:02:27'),
(44, 3, 1, 'nội dung tin nhắn', '2020-04-09 08:02:39', '2020-04-09 08:02:39'),
(45, 1, 3, 'nội dung tin nhắn', '2020-04-09 08:02:43', '2020-04-09 08:02:43'),
(46, 3, 1, 'nội dung tin nhắn', '2020-04-09 08:02:49', '2020-04-09 08:02:49'),
(47, 1, 3, 'nội dung tin nhắn', '2020-04-09 08:02:58', '2020-04-09 08:02:58'),
(48, 3, 1, 'nội dung tin nhắn', '2020-04-09 08:03:26', '2020-04-09 08:03:26'),
(49, 1, 3, 'nội dung tin nhắn', '2020-04-09 08:03:35', '2020-04-09 08:03:35'),
(50, 1, 2, 'nội dung tin nhắn', '2020-04-09 08:09:32', '2020-04-09 08:09:32'),
(51, 1, 2, 'nội dung tin nhắn', '2020-04-09 08:10:00', '2020-04-09 08:10:00'),
(52, 1, 2, 'nội dung tin nhắn', '2020-04-09 08:10:58', '2020-04-09 08:10:58'),
(53, 3, 1, 'nội dung tin nhắn', '2020-04-09 08:23:18', '2020-04-09 08:23:18'),
(54, 1, 3, 'nội dung tin nhắn', '2020-04-09 08:23:42', '2020-04-09 08:23:42'),
(55, 3, 1, 'nội dung tin nhắn', '2020-04-09 08:23:58', '2020-04-09 08:23:58'),
(56, 1, 3, 'nội dung tin nhắn', '2020-04-09 08:24:02', '2020-04-09 08:24:02'),
(57, 3, 1, 'nội dung tin nhắn', '2020-04-09 08:24:20', '2020-04-09 08:24:20'),
(58, 1, 3, 'nội dung tin nhắn', '2020-04-09 08:24:25', '2020-04-09 08:24:25'),
(59, 1, 3, 'nội dung tin nhắn', '2020-04-09 08:25:19', '2020-04-09 08:25:19'),
(60, 1, 3, 'nội dung tin nhắn', '2020-04-09 08:25:28', '2020-04-09 08:25:28'),
(61, 3, 1, 'nội dung tin nhắn', '2020-04-09 08:25:33', '2020-04-09 08:25:33'),
(62, 3, 1, 'nội dung tin nhắn', '2020-04-09 08:25:38', '2020-04-09 08:25:38'),
(63, 1, 3, 'nội dung tin nhắn', '2020-04-09 08:25:49', '2020-04-09 08:25:49'),
(64, 3, 1, 'nội dung tin nhắn', '2020-04-09 08:26:59', '2020-04-09 08:26:59'),
(65, 1, 3, 'nội dung tin nhắn', '2020-04-09 08:27:03', '2020-04-09 08:27:03'),
(66, 3, 1, 'nội dung tin nhắn', '2020-04-09 08:27:15', '2020-04-09 08:27:15'),
(67, 1, 3, 'nội dung tin nhắn', '2020-04-09 08:27:20', '2020-04-09 08:27:20'),
(68, 1, 3, 'nội dung tin nhắn', '2020-04-09 08:27:27', '2020-04-09 08:27:27'),
(69, 3, 1, 'nội dung tin nhắn', '2020-04-09 08:27:34', '2020-04-09 08:27:34'),
(70, 1, 3, 'nội dung tin nhắn', '2020-04-09 08:27:38', '2020-04-09 08:27:38'),
(71, 3, 1, 'nội dung tin nhắn', '2020-04-09 08:28:10', '2020-04-09 08:28:10'),
(72, 1, 3, 'nội dung tin nhắn', '2020-04-09 08:28:18', '2020-04-09 08:28:18'),
(73, 3, 1, 'nội dung tin nhắn', '2020-04-09 08:28:24', '2020-04-09 08:28:24'),
(74, 1, 3, 'nội dung tin nhắn', '2020-04-09 08:28:30', '2020-04-09 08:28:30'),
(75, 2, 1, 'nội dung tin nhắn', '2020-04-09 08:39:05', '2020-04-09 08:39:05'),
(76, 2, 1, 'nội dung tin nhắn', '2020-04-09 08:39:14', '2020-04-09 08:39:14'),
(77, 1, 2, 'nội dung tin nhắn', '2020-04-09 08:39:34', '2020-04-09 08:39:34'),
(78, 2, 1, 'nội dung tin nhắn', '2020-04-09 08:39:48', '2020-04-09 08:39:48'),
(79, 1, 2, 'nội dung tin nhắn', '2020-04-09 08:39:55', '2020-04-09 08:39:55'),
(80, 1, 2, 'nội dung tin nhắn', '2020-04-09 08:40:01', '2020-04-09 08:40:01'),
(81, 2, 1, 'nội dung tin nhắn', '2020-04-09 08:40:07', '2020-04-09 08:40:07'),
(82, 1, 2, 'nội dung tin nhắn', '2020-04-09 08:40:41', '2020-04-09 08:40:41'),
(83, 2, 1, 'nội dung tin nhắn', '2020-04-09 08:40:48', '2020-04-09 08:40:48'),
(84, 1, 2, 'nội dung tin nhắn', '2020-04-09 10:32:40', '2020-04-09 10:32:40'),
(85, 1, 2, 'nội dung tin nhắn', '2020-04-09 12:37:28', '2020-04-09 12:37:28'),
(86, 2, 1, 'nội dung tin nhắn', '2020-04-09 12:37:39', '2020-04-09 12:37:39'),
(87, 1, 2, 'nội dung tin nhắn', '2020-04-09 12:37:48', '2020-04-09 12:37:48'),
(88, 2, 1, 'nội dung tin nhắn', '2020-04-09 12:37:56', '2020-04-09 12:37:56'),
(89, 3, 2, 'nội dung tin nhắn', '2020-04-09 12:38:33', '2020-04-09 12:38:33'),
(90, 2, 3, 'nội dung tin nhắn', '2020-04-09 12:38:40', '2020-04-09 12:38:40'),
(91, 3, 2, 'nội dung tin nhắn', '2020-04-09 12:38:49', '2020-04-09 12:38:49'),
(92, 2, 3, 'nội dung tin nhắn', '2020-04-09 12:38:55', '2020-04-09 12:38:55'),
(93, 2, 3, 'nội dung tin nhắn', '2020-04-09 12:39:01', '2020-04-09 12:39:01'),
(94, 3, 2, 'nội dung tin nhắn', '2020-04-09 12:39:08', '2020-04-09 12:39:08'),
(95, 1, 2, 'nội dung tin nhắn', '2020-04-09 13:20:47', '2020-04-09 13:20:47'),
(96, 1, 2, 'nội dung tin nhắn', '2020-04-09 14:21:05', '2020-04-09 14:21:05'),
(97, 1, 2, 'nội dung tin nhắn', '2020-04-09 14:23:57', '2020-04-09 14:23:57'),
(98, 1, 2, 'nội dung tin nhắn', '2020-04-09 14:24:04', '2020-04-09 14:24:04'),
(99, 1, 2, 'nội dung tin nhắn', '2020-04-09 14:24:10', '2020-04-09 14:24:10'),
(100, 1, 2, 'nội dung tin nhắn', '2020-04-09 14:42:52', '2020-04-09 14:42:52'),
(101, 2, 1, 'nội dung tin nhắn', '2020-04-09 15:08:59', '2020-04-09 15:08:59'),
(102, 1, 2, 'nội dung tin nhắn', '2020-04-09 15:09:11', '2020-04-09 15:09:11'),
(103, 1, 2, 'nội dung tin nhắn', '2020-04-09 15:09:49', '2020-04-09 15:09:49'),
(104, 2, 1, 'nội dung tin nhắn', '2020-04-09 15:09:55', '2020-04-09 15:09:55'),
(105, 1, 2, 'nội dung tin nhắn', '2020-04-09 15:17:18', '2020-04-09 15:17:18'),
(106, 2, 1, 'nội dung tin nhắn', '2020-04-09 15:17:24', '2020-04-09 15:17:24'),
(107, 2, 1, 'nội dung tin nhắn', '2020-04-09 15:17:26', '2020-04-09 15:17:26'),
(108, 1, 2, 'nội dung tin nhắn', '2020-04-09 15:17:46', '2020-04-09 15:17:46'),
(109, 2, 1, 'nội dung tin nhắn', '2020-04-09 15:17:53', '2020-04-09 15:17:53'),
(110, 1, 2, 'nội dung tin nhắn', '2020-04-09 15:18:00', '2020-04-09 15:18:00'),
(111, 1, 2, 'nội dung tin nhắn', '2020-04-09 15:18:03', '2020-04-09 15:18:03'),
(112, 1, 2, 'nội dung tin nhắn', '2020-04-09 15:18:08', '2020-04-09 15:18:08'),
(113, 2, 1, 'nội dung tin nhắn', '2020-04-09 15:18:57', '2020-04-09 15:18:57'),
(114, 1, 2, 'nội dung tin nhắn', '2020-04-09 15:19:03', '2020-04-09 15:19:03'),
(115, 2, 1, 'nội dung tin nhắn', '2020-04-09 15:19:07', '2020-04-09 15:19:07'),
(116, 2, 1, 'nội dung tin nhắn', '2020-04-09 15:19:11', '2020-04-09 15:19:11'),
(117, 2, 1, 'nội dung tin nhắn', '2020-04-09 15:19:14', '2020-04-09 15:19:14'),
(118, 2, 1, 'nội dung tin nhắn', '2020-04-09 15:19:17', '2020-04-09 15:19:17'),
(119, 1, 2, 'nội dung tin nhắn', '2020-04-09 15:19:22', '2020-04-09 15:19:22'),
(120, 2, 1, 'nội dung tin nhắn', '2020-04-09 15:26:45', '2020-04-09 15:26:45'),
(121, 2, 1, 'nội dung tin nhắn', '2020-04-09 15:26:49', '2020-04-09 15:26:49'),
(122, 2, 1, 'nội dung tin nhắn', '2020-04-09 15:26:52', '2020-04-09 15:26:52'),
(123, 1, 2, 'nội dung tin nhắn', '2020-04-09 15:26:56', '2020-04-09 15:26:56'),
(124, 1, 2, 'nội dung tin nhắn', '2020-04-09 15:26:59', '2020-04-09 15:26:59'),
(125, 1, 2, 'nội dung tin nhắn', '2020-04-09 15:27:02', '2020-04-09 15:27:02'),
(126, 2, 1, 'nội dung tin nhắn', '2020-04-09 15:27:05', '2020-04-09 15:27:05'),
(127, 3, 1, 'nội dung tin nhắn', '2020-04-09 15:27:53', '2020-04-09 15:27:53'),
(128, 1, 3, 'nội dung tin nhắn', '2020-04-09 15:27:56', '2020-04-09 15:27:56'),
(129, 3, 1, 'nội dung tin nhắn', '2020-04-09 15:27:59', '2020-04-09 15:27:59'),
(130, 2, 1, 'nội dung tin nhắn', '2020-04-09 15:31:13', '2020-04-09 15:31:13'),
(131, 1, 2, 'nội dung tin nhắn', '2020-04-09 15:31:19', '2020-04-09 15:31:19'),
(132, 2, 1, 'nội dung tin nhắn', '2020-04-09 15:32:28', '2020-04-09 15:32:28'),
(133, 1, 2, 'nội dung tin nhắn', '2020-04-12 02:34:32', '2020-04-12 02:34:32'),
(134, 2, 1, 'nội dung tin nhắn', '2020-04-12 02:34:50', '2020-04-12 02:34:50'),
(135, 2, 1, 'nội dung tin nhắn', '2020-04-12 02:34:54', '2020-04-12 02:34:54'),
(136, 2, 1, 'nội dung tin nhắn', '2020-04-12 02:34:55', '2020-04-12 02:34:55'),
(137, 2, 1, 'nội dung tin nhắn', '2020-04-12 02:34:56', '2020-04-12 02:34:56'),
(138, 1, 2, 'nội dung tin nhắn', '2020-04-12 02:35:05', '2020-04-12 02:35:05'),
(139, 2, 1, 'nội dung tin nhắn', '2020-04-12 02:35:09', '2020-04-12 02:35:09'),
(140, 1, 2, 'nội dung tin nhắn', '2020-04-12 02:35:12', '2020-04-12 02:35:12'),
(141, 2, 1, 'nội dung tin nhắn', '2020-04-12 02:35:14', '2020-04-12 02:35:14'),
(142, 1, 2, 'nội dung tin nhắn', '2020-04-12 02:35:17', '2020-04-12 02:35:17'),
(143, 1, 3, 'nội dung tin nhắn', '2020-04-12 02:35:36', '2020-04-12 02:35:36'),
(144, 3, 1, 'nội dung tin nhắn', '2020-04-12 02:35:40', '2020-04-12 02:35:40'),
(145, 1, 3, 'nội dung tin nhắn', '2020-04-12 02:35:45', '2020-04-12 02:35:45'),
(146, 3, 1, 'nội dung tin nhắn', '2020-04-12 02:35:58', '2020-04-12 02:35:58'),
(147, 1, 3, 'nội dung tin nhắn', '2020-04-12 02:36:03', '2020-04-12 02:36:03'),
(148, 1, 3, 'nội dung tin nhắn', '2020-04-12 02:36:09', '2020-04-12 02:36:09'),
(149, 3, 1, 'nội dung tin nhắn', '2020-04-12 02:36:12', '2020-04-12 02:36:12'),
(150, 2, 1, 'nội dung tin nhắn', '2020-04-14 02:48:06', '2020-04-14 02:48:06'),
(151, 1, 2, 'nội dung tin nhắn', '2020-04-14 02:48:13', '2020-04-14 02:48:13'),
(152, 2, 1, 'nội dung tin nhắn', '2020-04-14 02:48:17', '2020-04-14 02:48:17'),
(153, 1, 3, 'nội dung tin nhắn', '2020-04-28 02:30:36', '2020-04-28 02:30:36'),
(154, 1, 3, 'nội dung tin nhắn', '2020-04-28 03:07:39', '2020-04-28 03:07:39'),
(155, 1, 4, 'nội dung tin nhắn', '2020-04-28 03:07:47', '2020-04-28 03:07:47'),
(156, 1, 3, 'nội dung tin nhắn', '2020-04-28 04:58:51', '2020-04-28 04:58:51'),
(157, 1, 3, 'nội dung tin nhắn', '2020-04-28 05:01:29', '2020-04-28 05:01:29'),
(158, 3, 1, 'nội dung tin nhắn', '2020-04-28 05:04:36', '2020-04-28 05:04:36'),
(159, 1, 3, 'nội dung tin nhắn', '2020-04-28 05:04:42', '2020-04-28 05:04:42'),
(160, 1, 3, 'nội dung tin nhắn', '2020-04-28 05:04:48', '2020-04-28 05:04:48'),
(161, 1, 3, 'nội dung tin nhắn', '2020-04-28 05:04:51', '2020-04-28 05:04:51'),
(162, 3, 1, 'nội dung tin nhắn', '2020-04-28 05:05:01', '2020-04-28 05:05:01'),
(163, 4, 1, 'nội dung tin nhắn', '2020-05-15 12:13:38', '2020-05-15 12:13:38'),
(164, 1, 2, 'nội dung tin nhắn', '2020-05-16 05:35:48', '2020-05-16 05:35:48'),
(165, 1, 2, 'nội dung tin nhắn', '2020-05-16 05:36:22', '2020-05-16 05:36:22'),
(166, 2, 1, 'nội dung tin nhắn', '2020-05-16 05:36:31', '2020-05-16 05:36:31'),
(167, 1, 2, 'nội dung tin nhắn', '2020-05-16 05:36:36', '2020-05-16 05:36:36'),
(168, 1, 2, 'nội dung tin nhắn', '2020-05-16 05:36:38', '2020-05-16 05:36:38'),
(169, 1, 2, 'nội dung tin nhắn', '2020-05-16 05:36:42', '2020-05-16 05:36:42'),
(170, 1, 2, 'nội dung tin nhắn', '2020-05-31 08:55:01', '2020-05-31 08:55:01'),
(171, 5, 1, 'nội dung tin nhắn', '2020-06-05 07:11:49', '2020-06-05 07:11:49'),
(172, 1, 5, 'nội dung tin nhắn', '2020-06-05 07:12:02', '2020-06-05 07:12:02'),
(173, 5, 1, 'nội dung tin nhắn', '2020-06-05 07:12:14', '2020-06-05 07:12:14'),
(174, 1, 5, 'nội dung tin nhắn', '2020-06-05 07:12:21', '2020-06-05 07:12:21'),
(175, 5, 1, 'nội dung tin nhắn', '2020-06-05 07:12:25', '2020-06-05 07:12:25'),
(176, 5, 1, 'nội dung tin nhắn', '2020-06-05 07:12:44', '2020-06-05 07:12:44'),
(177, 1, 5, 'nội dung tin nhắn', '2020-06-05 07:12:55', '2020-06-05 07:12:55'),
(178, 5, 1, 'nội dung tin nhắn', '2020-06-05 07:13:06', '2020-06-05 07:13:06'),
(179, 2, 1, 'nội dung tin nhắn', '2020-06-05 07:16:54', '2020-06-05 07:16:54'),
(180, 1, 2, 'nội dung tin nhắn', '2020-06-05 07:17:02', '2020-06-05 07:17:02'),
(181, 2, 1, 'nội dung tin nhắn', '2020-06-05 07:17:16', '2020-06-05 07:17:16'),
(182, 1, 2, 'nội dung tin nhắn', '2020-06-05 07:17:28', '2020-06-05 07:17:28'),
(183, 2, 1, 'nội dung tin nhắn', '2020-06-05 07:17:47', '2020-06-05 07:17:47'),
(184, 1, 2, 'nội dung tin nhắn', '2020-06-05 07:18:00', '2020-06-05 07:18:00'),
(185, 2, 1, 'nội dung tin nhắn', '2020-06-05 07:30:20', '2020-06-05 07:30:20'),
(186, 1, 2, 'nội dung tin nhắn', '2020-06-05 07:30:44', '2020-06-05 07:30:44'),
(187, 2, 1, 'nội dung tin nhắn', '2020-06-05 07:31:01', '2020-06-05 07:31:01'),
(188, 1, 2, 'nội dung tin nhắn', '2020-06-05 07:31:29', '2020-06-05 07:31:29'),
(189, 2, 1, 'nội dung tin nhắn', '2020-06-05 07:31:33', '2020-06-05 07:31:33'),
(190, 2, 1, 'nội dung tin nhắn', '2020-06-05 07:33:16', '2020-06-05 07:33:16'),
(191, 2, 1, 'nội dung tin nhắn', '2020-06-05 07:33:17', '2020-06-05 07:33:17'),
(192, 2, 1, 'nội dung tin nhắn', '2020-06-05 07:33:19', '2020-06-05 07:33:19'),
(193, 2, 1, 'nội dung tin nhắn', '2020-06-05 07:33:20', '2020-06-05 07:33:20'),
(194, 1, 2, 'nội dung tin nhắn', '2020-06-05 07:33:24', '2020-06-05 07:33:24'),
(195, 1, 2, 'nội dung tin nhắn', '2020-06-05 07:33:25', '2020-06-05 07:33:25'),
(196, 1, 2, 'nội dung tin nhắn', '2020-06-05 07:33:26', '2020-06-05 07:33:26'),
(197, 1, 2, 'nội dung tin nhắn', '2020-06-05 07:33:27', '2020-06-05 07:33:27'),
(198, 1, 2, 'nội dung tin nhắn', '2020-06-05 07:33:30', '2020-06-05 07:33:30'),
(199, 1, 2, 'nội dung tin nhắn', '2020-06-05 07:33:31', '2020-06-05 07:33:31'),
(200, 1, 2, 'nội dung tin nhắn', '2020-06-05 07:33:32', '2020-06-05 07:33:32'),
(201, 1, 5, 'nội dung tin nhắn', '2020-06-05 07:42:01', '2020-06-05 07:42:01'),
(202, 1, 5, 'nội dung tin nhắn', '2020-06-05 07:42:11', '2020-06-05 07:42:11'),
(203, 1, 5, 'nội dung tin nhắn', '2020-06-05 07:47:38', '2020-06-05 07:47:38'),
(204, 1, 5, 'nội dung tin nhắn', '2020-06-05 07:52:26', '2020-06-05 07:52:26'),
(205, 5, 1, 'nội dung tin nhắn', '2020-06-05 07:54:05', '2020-06-05 07:54:05'),
(206, 5, 1, 'nội dung tin nhắn', '2020-06-05 07:59:46', '2020-06-05 07:59:46'),
(207, 1, 5, 'nội dung tin nhắn', '2020-06-05 07:59:50', '2020-06-05 07:59:50'),
(208, 5, 1, 'nội dung tin nhắn', '2020-06-05 07:59:54', '2020-06-05 07:59:54'),
(209, 1, 5, 'nội dung tin nhắn', '2020-06-05 07:59:59', '2020-06-05 07:59:59'),
(210, 5, 1, 'nội dung tin nhắn', '2020-06-05 08:00:02', '2020-06-05 08:00:02'),
(211, 1, 5, 'nội dung tin nhắn', '2020-06-05 08:10:30', '2020-06-05 08:10:30'),
(212, 1, 5, 'nội dung tin nhắn', '2020-06-05 08:10:59', '2020-06-05 08:10:59'),
(213, 1, 2, 'nội dung tin nhắn', '2020-06-05 08:11:54', '2020-06-05 08:11:54'),
(214, 1, 5, 'nội dung tin nhắn', '2020-06-05 08:13:00', '2020-06-05 08:13:00'),
(215, 1, 2, 'nội dung tin nhắn', '2020-06-05 08:13:22', '2020-06-05 08:13:22'),
(216, 1, 2, 'nội dung tin nhắn', '2020-06-05 08:16:47', '2020-06-05 08:16:47'),
(217, 1, 5, 'nội dung tin nhắn', '2020-06-05 09:29:49', '2020-06-05 09:29:49'),
(218, 5, 1, 'nội dung tin nhắn', '2020-06-05 09:31:25', '2020-06-05 09:31:25'),
(219, 5, 1, 'nội dung tin nhắn', '2020-06-05 09:31:36', '2020-06-05 09:31:36'),
(220, 5, 1, 'nội dung tin nhắn', '2020-06-05 09:31:48', '2020-06-05 09:31:48'),
(221, 1, 5, 'nội dung tin nhắn', '2020-06-05 09:31:57', '2020-06-05 09:31:57'),
(222, 5, 1, 'nội dung tin nhắn', '2020-06-05 09:32:04', '2020-06-05 09:32:04'),
(223, 1, 5, 'nội dung tin nhắn', '2020-06-05 09:32:17', '2020-06-05 09:32:17'),
(224, 5, 1, 'nội dung tin nhắn', '2020-06-05 09:32:21', '2020-06-05 09:32:21'),
(225, 5, 1, 'nội dung tin nhắn', '2020-06-05 09:32:21', '2020-06-05 09:32:21'),
(226, 1, 5, 'nội dung tin nhắn', '2020-06-05 09:32:25', '2020-06-05 09:32:25'),
(227, 5, 1, 'nội dung tin nhắn', '2020-06-05 09:32:28', '2020-06-05 09:32:28'),
(228, 5, 1, 'nội dung tin nhắn', '2020-06-05 09:32:31', '2020-06-05 09:32:31'),
(229, 5, 1, 'nội dung tin nhắn', '2020-06-05 09:32:36', '2020-06-05 09:32:36'),
(230, 5, 1, 'nội dung tin nhắn', '2020-06-05 09:32:37', '2020-06-05 09:32:37'),
(231, 5, 1, 'nội dung tin nhắn', '2020-06-05 09:32:42', '2020-06-05 09:32:42'),
(232, 5, 1, 'nội dung tin nhắn', '2020-06-05 09:32:45', '2020-06-05 09:32:45'),
(233, 5, 1, 'nội dung tin nhắn', '2020-06-05 09:32:49', '2020-06-05 09:32:49'),
(234, 5, 1, 'nội dung tin nhắn', '2020-06-05 09:32:52', '2020-06-05 09:32:52'),
(235, 1, 5, 'nội dung tin nhắn', '2020-06-05 09:32:58', '2020-06-05 09:32:58'),
(236, 1, 5, 'nội dung tin nhắn', '2020-06-05 09:33:00', '2020-06-05 09:33:00'),
(237, 1, 5, 'nội dung tin nhắn', '2020-06-05 09:33:03', '2020-06-05 09:33:03'),
(238, 1, 5, 'nội dung tin nhắn', '2020-06-05 09:33:06', '2020-06-05 09:33:06'),
(239, 1, 5, 'nội dung tin nhắn', '2020-06-05 09:33:08', '2020-06-05 09:33:08'),
(240, 1, 5, 'nội dung tin nhắn', '2020-06-05 09:33:11', '2020-06-05 09:33:11'),
(241, 1, 5, 'nội dung tin nhắn', '2020-06-05 09:38:19', '2020-06-05 09:38:19'),
(242, 5, 1, 'nội dung tin nhắn', '2020-06-05 09:38:26', '2020-06-05 09:38:26'),
(243, 5, 1, 'nội dung tin nhắn', '2020-06-05 09:38:29', '2020-06-05 09:38:29'),
(244, 1, 5, 'nội dung tin nhắn', '2020-06-05 09:38:45', '2020-06-05 09:38:45'),
(245, 5, 1, 'nội dung tin nhắn', '2020-06-05 09:38:55', '2020-06-05 09:38:55'),
(246, 1, 5, 'nội dung tin nhắn', '2020-06-05 09:39:00', '2020-06-05 09:39:00'),
(247, 1, 5, 'nội dung tin nhắn', '2020-06-05 09:39:01', '2020-06-05 09:39:01'),
(248, 1, 5, 'nội dung tin nhắn', '2020-06-05 09:39:18', '2020-06-05 09:39:18'),
(249, 5, 1, 'nội dung tin nhắn', '2020-06-05 09:39:53', '2020-06-05 09:39:53'),
(250, 1, 5, 'nội dung tin nhắn', '2020-06-05 09:40:14', '2020-06-05 09:40:14'),
(251, 1, 5, 'nội dung tin nhắn', '2020-06-05 09:40:30', '2020-06-05 09:40:30'),
(252, 5, 1, 'nội dung tin nhắn', '2020-06-05 09:40:44', '2020-06-05 09:40:44'),
(253, 5, 1, 'nội dung tin nhắn', '2020-06-05 09:41:16', '2020-06-05 09:41:16'),
(254, 5, 1, 'nội dung tin nhắn', '2020-06-05 09:41:40', '2020-06-05 09:41:40'),
(255, 1, 5, 'nội dung tin nhắn', '2020-06-05 09:42:00', '2020-06-05 09:42:00'),
(256, 1, 5, 'nội dung tin nhắn', '2020-06-05 09:42:01', '2020-06-05 09:42:01'),
(257, 1, 5, 'nội dung tin nhắn', '2020-06-05 09:42:36', '2020-06-05 09:42:36'),
(258, 5, 1, 'nội dung tin nhắn', '2020-06-05 09:42:41', '2020-06-05 09:42:41'),
(259, 1, 5, 'nội dung tin nhắn', '2020-06-05 09:46:53', '2020-06-05 09:46:53'),
(260, 5, 1, 'nội dung tin nhắn', '2020-06-05 09:46:58', '2020-06-05 09:46:58'),
(261, 1, 5, 'nội dung tin nhắn', '2020-06-05 09:47:04', '2020-06-05 09:47:04'),
(262, 5, 1, 'nội dung tin nhắn', '2020-06-05 09:47:15', '2020-06-05 09:47:15'),
(263, 1, 5, 'nội dung tin nhắn', '2020-06-05 09:47:32', '2020-06-05 09:47:32'),
(264, 5, 1, 'nội dung tin nhắn', '2020-06-05 09:47:43', '2020-06-05 09:47:43'),
(265, 5, 1, 'nội dung tin nhắn', '2020-06-05 09:48:08', '2020-06-05 09:48:08'),
(266, 1, 5, 'nội dung tin nhắn', '2020-06-05 09:48:22', '2020-06-05 09:48:22'),
(267, 1, 5, 'nội dung tin nhắn', '2020-06-05 09:48:38', '2020-06-05 09:48:38'),
(268, 1, 5, 'nội dung tin nhắn', '2020-06-05 09:48:42', '2020-06-05 09:48:42'),
(269, 1, 5, 'nội dung tin nhắn', '2020-06-05 09:48:51', '2020-06-05 09:48:51'),
(270, 1, 5, 'nội dung tin nhắn', '2020-06-05 09:48:52', '2020-06-05 09:48:52'),
(271, 1, 5, 'nội dung tin nhắn', '2020-06-05 09:48:55', '2020-06-05 09:48:55'),
(272, 1, 5, 'nội dung tin nhắn', '2020-06-05 09:48:56', '2020-06-05 09:48:56'),
(273, 5, 1, 'nội dung tin nhắn', '2020-06-05 09:49:07', '2020-06-05 09:49:07'),
(274, 5, 1, 'nội dung tin nhắn', '2020-06-05 09:49:08', '2020-06-05 09:49:08'),
(275, 5, 1, 'nội dung tin nhắn', '2020-06-05 09:49:09', '2020-06-05 09:49:09'),
(276, 5, 1, 'nội dung tin nhắn', '2020-06-05 09:49:11', '2020-06-05 09:49:11'),
(277, 5, 1, 'nội dung tin nhắn', '2020-06-05 09:49:12', '2020-06-05 09:49:12'),
(278, 5, 1, 'nội dung tin nhắn', '2020-06-05 09:49:13', '2020-06-05 09:49:13'),
(279, 5, 1, 'nội dung tin nhắn', '2020-06-05 09:49:25', '2020-06-05 09:49:25'),
(280, 1, 5, 'nội dung tin nhắn', '2020-06-05 09:49:35', '2020-06-05 09:49:35'),
(281, 1, 2, 'nội dung tin nhắn', '2020-06-05 14:11:55', '2020-06-05 14:11:55'),
(282, 2, 1, 'nội dung tin nhắn', '2020-06-05 14:12:02', '2020-06-05 14:12:02'),
(283, 2, 1, 'nội dung tin nhắn', '2020-06-05 14:12:18', '2020-06-05 14:12:18'),
(284, 1, 2, 'nội dung tin nhắn', '2020-06-05 14:12:23', '2020-06-05 14:12:23'),
(285, 1, 2, 'nội dung tin nhắn', '2020-06-05 14:12:52', '2020-06-05 14:12:52'),
(286, 2, 1, 'nội dung tin nhắn', '2020-06-05 14:13:00', '2020-06-05 14:13:00'),
(287, 1, 2, 'nội dung tin nhắn', '2020-06-05 14:16:42', '2020-06-05 14:16:42'),
(288, 2, 1, 'nội dung tin nhắn', '2020-06-05 14:16:51', '2020-06-05 14:16:51'),
(289, 1, 5, 'nội dung tin nhắn', '2020-06-05 14:43:12', '2020-06-05 14:43:12'),
(290, 1, 5, 'nội dung tin nhắn', '2020-06-05 14:44:06', '2020-06-05 14:44:06'),
(291, 1, 5, 'nội dung tin nhắn', '2020-06-05 14:44:08', '2020-06-05 14:44:08'),
(292, 1, 5, 'nội dung tin nhắn', '2020-06-05 14:44:10', '2020-06-05 14:44:10'),
(293, 1, 5, 'nội dung tin nhắn', '2020-06-05 14:46:50', '2020-06-05 14:46:50'),
(294, 1, 5, 'nội dung tin nhắn', '2020-06-05 14:46:53', '2020-06-05 14:46:53'),
(295, 5, 1, 'nội dung tin nhắn', '2020-06-05 14:47:24', '2020-06-05 14:47:24'),
(296, 1, 5, 'nội dung tin nhắn', '2020-06-05 14:47:36', '2020-06-05 14:47:36'),
(297, 5, 1, 'nội dung tin nhắn', '2020-06-05 14:47:43', '2020-06-05 14:47:43'),
(298, 1, 5, 'nội dung tin nhắn', '2020-06-05 14:47:49', '2020-06-05 14:47:49'),
(299, 5, 1, 'nội dung tin nhắn', '2020-06-05 14:47:55', '2020-06-05 14:47:55'),
(300, 5, 1, 'nội dung tin nhắn', '2020-06-05 14:48:14', '2020-06-05 14:48:14'),
(301, 1, 5, 'nội dung tin nhắn', '2020-06-05 14:48:20', '2020-06-05 14:48:20'),
(302, 5, 1, 'nội dung tin nhắn', '2020-06-05 14:48:24', '2020-06-05 14:48:24'),
(303, 5, 1, 'nội dung tin nhắn', '2020-06-05 14:49:47', '2020-06-05 14:49:47'),
(304, 1, 5, 'nội dung tin nhắn', '2020-06-05 14:49:51', '2020-06-05 14:49:51'),
(305, 1, 5, 'nội dung tin nhắn', '2020-06-06 01:36:46', '2020-06-06 01:36:46'),
(306, 1, 5, 'nội dung tin nhắn', '2020-06-06 01:36:48', '2020-06-06 01:36:48'),
(307, 1, 5, 'nội dung tin nhắn', '2020-06-06 01:36:49', '2020-06-06 01:36:49'),
(308, 1, 5, 'nội dung tin nhắn', '2020-06-06 01:37:15', '2020-06-06 01:37:15'),
(309, 1, 5, 'nội dung tin nhắn', '2020-06-06 01:37:21', '2020-06-06 01:37:21'),
(310, 1, 5, 'nội dung tin nhắn', '2020-06-06 01:37:30', '2020-06-06 01:37:30'),
(311, 5, 1, 'nội dung tin nhắn', '2020-06-06 01:37:41', '2020-06-06 01:37:41'),
(312, 5, 1, 'nội dung tin nhắn', '2020-06-06 01:37:46', '2020-06-06 01:37:46'),
(313, 1, 5, 'nội dung tin nhắn', '2020-06-06 01:37:57', '2020-06-06 01:37:57'),
(314, 5, 1, 'nội dung tin nhắn', '2020-06-06 01:38:05', '2020-06-06 01:38:05'),
(315, 5, 1, 'nội dung tin nhắn', '2020-06-06 01:38:34', '2020-06-06 01:38:34'),
(316, 5, 1, 'nội dung tin nhắn', '2020-06-06 01:38:38', '2020-06-06 01:38:38'),
(317, 5, 1, 'nội dung tin nhắn', '2020-06-06 01:38:40', '2020-06-06 01:38:40'),
(318, 1, 2, 'nội dung tin nhắn', '2020-06-09 17:31:57', '2020-06-09 17:31:57'),
(319, 1, 5, 'nội dung tin nhắn', '2020-06-10 06:11:11', '2020-06-10 06:11:11'),
(320, 1, 5, 'nội dung tin nhắn', '2020-06-11 15:03:32', '2020-06-11 15:03:32'),
(321, 1, 5, 'nội dung tin nhắn', '2020-06-11 15:03:48', '2020-06-11 15:03:48'),
(322, 1, 2, 'nội dung tin nhắn', '2020-06-12 13:35:46', '2020-06-12 13:35:46'),
(323, 2, 1, 'nội dung tin nhắn', '2020-06-12 13:35:58', '2020-06-12 13:35:58'),
(324, 1, 2, 'nội dung tin nhắn', '2020-06-12 13:36:01', '2020-06-12 13:36:01'),
(325, 2, 1, 'nội dung tin nhắn', '2020-06-12 13:36:04', '2020-06-12 13:36:04'),
(326, 1, 2, 'nội dung tin nhắn', '2020-06-12 13:36:07', '2020-06-12 13:36:07'),
(327, 1, 2, 'nội dung tin nhắn', '2020-06-12 14:21:22', '2020-06-12 14:21:22'),
(328, 1, 2, 'nội dung tin nhắn', '2020-06-13 08:22:55', '2020-06-13 08:22:55'),
(329, 1, 2, 'nội dung tin nhắn', '2020-06-13 08:23:04', '2020-06-13 08:23:04'),
(330, 2, 1, 'nội dung tin nhắn', '2020-06-13 08:23:11', '2020-06-13 08:23:11'),
(331, 2, 1, 'nội dung tin nhắn', '2020-06-13 08:27:25', '2020-06-13 08:27:25'),
(332, 5, 1, 'nội dung tin nhắn', '2020-06-16 12:20:31', '2020-06-16 12:20:31'),
(333, 1, 5, 'nội dung tin nhắn', '2020-06-16 12:20:39', '2020-06-16 12:20:39'),
(334, 1, 5, 'nội dung tin nhắn', '2020-06-16 21:27:45', '2020-06-16 21:27:45'),
(335, 1, 5, 'nội dung tin nhắn', '2020-06-16 21:29:44', '2020-06-16 21:29:44'),
(336, 1, 5, 'nội dung tin nhắn', '2020-06-16 21:30:37', '2020-06-16 21:30:37'),
(337, 1, 2, 'nội dung tin nhắn', '2020-06-16 21:31:10', '2020-06-16 21:31:10'),
(338, 1, 2, 'nội dung tin nhắn', '2020-06-16 21:32:02', '2020-06-16 21:32:02'),
(339, 1, 5, 'nội dung tin nhắn', '2020-06-16 21:33:14', '2020-06-16 21:33:14'),
(340, 5, 1, 'nội dung tin nhắn', '2020-06-17 12:35:03', '2020-06-17 12:35:03'),
(341, 1, 5, 'nội dung tin nhắn', '2020-06-17 12:35:14', '2020-06-17 12:35:14'),
(342, 11, 1, 'dạ thầy chiều có rảnh không ạ ?', '2020-06-18 02:28:48', '2020-06-18 02:28:48'),
(343, 1, 11, 'ok, 7h nhé', '2020-06-18 02:29:06', '2020-06-18 02:29:06');

-- --------------------------------------------------------

--
-- Table structure for table `groups`
--

CREATE TABLE `groups` (
  `id` bigint(20) UNSIGNED NOT NULL,
  `name` varchar(191) COLLATE utf8mb4_unicode_ci NOT NULL,
  `cover_image` varchar(191) COLLATE utf8mb4_unicode_ci NOT NULL DEFAULT 'cover_image_default.png',
  `user_id` int(11) NOT NULL,
  `created_at` timestamp NULL DEFAULT NULL,
  `updated_at` timestamp NULL DEFAULT NULL
) ENGINE=InnoDB DEFAULT CHARSET=utf8mb4 COLLATE=utf8mb4_unicode_ci;

--
-- Dumping data for table `groups`
--

INSERT INTO `groups` (`id`, `name`, `cover_image`, `user_id`, `created_at`, `updated_at`) VALUES
(11, 'CNNT 11', 'cover_image_default.png', 3, '2020-04-05 07:17:46', '2020-04-26 05:15:51'),
(36, 'Cuối tuần vui vẻ', 'cover_image_default.png', 4, '2020-04-27 11:30:03', '2020-05-02 12:22:15');

-- --------------------------------------------------------

--
-- Table structure for table `group_messages`
--

CREATE TABLE `group_messages` (
  `id` bigint(20) UNSIGNED NOT NULL,
  `content` varchar(191) COLLATE utf8mb4_unicode_ci NOT NULL,
  `user_id` int(11) NOT NULL,
  `group_id` int(11) NOT NULL,
  `created_at` timestamp NULL DEFAULT NULL,
  `updated_at` timestamp NULL DEFAULT NULL
) ENGINE=InnoDB DEFAULT CHARSET=utf8mb4 COLLATE=utf8mb4_unicode_ci;

--
-- Dumping data for table `group_messages`
--

INSERT INTO `group_messages` (`id`, `content`, `user_id`, `group_id`, `created_at`, `updated_at`) VALUES
(514, 'nội dung tin nhắn', 1, 36, '2020-04-27 13:00:48', '2020-04-27 13:00:48'),
(515, 'nội dung tin nhắn', 1, 36, '2020-04-27 13:00:58', '2020-04-27 13:00:58'),
(516, 'nội dung tin nhắn', 4, 36, '2020-04-27 13:01:28', '2020-04-27 13:01:28'),
(517, 'nội dung tin nhắn', 3, 36, '2020-04-27 13:03:04', '2020-04-27 13:03:04'),
(518, 'nội dung tin nhắn', 4, 36, '2020-04-27 13:03:22', '2020-04-27 13:03:22'),
(519, 'nội dung tin nhắn', 1, 36, '2020-04-27 13:03:43', '2020-04-27 13:03:43'),
(520, 'nội dung tin nhắn', 3, 36, '2020-04-27 13:04:04', '2020-04-27 13:04:04'),
(521, 'nội dung tin nhắn', 3, 36, '2020-04-27 13:04:15', '2020-04-27 13:04:15'),
(522, 'nội dung tin nhắn', 4, 36, '2020-04-27 13:04:40', '2020-04-27 13:04:40'),
(523, 'nội dung tin nhắn', 1, 36, '2020-04-28 05:01:12', '2020-04-28 05:01:12'),
(534, 'nội dung tin nhắn', 2, 36, '2020-05-08 04:27:30', '2020-05-08 04:27:30'),
(535, 'nội dung tin nhắn', 1, 36, '2020-05-08 04:27:49', '2020-05-08 04:27:49'),
(536, 'nội dung tin nhắn', 1, 36, '2020-05-08 04:28:03', '2020-05-08 04:28:03'),
(537, 'nội dung tin nhắn', 1, 36, '2020-05-08 04:28:05', '2020-05-08 04:28:05'),
(538, 'nội dung tin nhắn', 2, 36, '2020-05-08 04:28:08', '2020-05-08 04:28:08'),
(539, 'nội dung tin nhắn', 2, 36, '2020-05-08 04:28:10', '2020-05-08 04:28:10'),
(540, 'nội dung tin nhắn', 2, 36, '2020-05-08 04:28:24', '2020-05-08 04:28:24'),
(541, 'nội dung tin nhắn', 2, 36, '2020-05-08 04:28:26', '2020-05-08 04:28:26'),
(542, 'nội dung tin nhắn', 2, 36, '2020-05-08 04:28:34', '2020-05-08 04:28:34'),
(543, 'nội dung tin nhắn', 2, 36, '2020-05-08 04:28:38', '2020-05-08 04:28:38'),
(544, 'nội dung tin nhắn', 2, 36, '2020-05-08 04:28:46', '2020-05-08 04:28:46'),
(545, 'nội dung tin nhắn', 2, 36, '2020-05-08 04:28:53', '2020-05-08 04:28:53'),
(546, 'nội dung tin nhắn', 1, 36, '2020-05-09 02:23:36', '2020-05-09 02:23:36'),
(547, 'nội dung tin nhắn', 1, 36, '2020-05-15 08:49:41', '2020-05-15 08:49:41'),
(548, 'nội dung tin nhắn', 4, 36, '2020-05-15 08:50:19', '2020-05-15 08:50:19'),
(549, 'nội dung tin nhắn', 1, 36, '2020-05-15 12:12:41', '2020-05-15 12:12:41'),
(550, 'nội dung tin nhắn', 4, 36, '2020-05-15 12:12:52', '2020-05-15 12:12:52'),
(551, 'nội dung tin nhắn', 1, 36, '2020-05-16 05:35:17', '2020-05-16 05:35:17'),
(552, 'nội dung tin nhắn', 1, 36, '2020-05-16 05:46:53', '2020-05-16 05:46:53'),
(555, 'nội dung tin nhắn', 2, 25, '2020-06-05 02:38:32', '2020-06-05 02:38:32'),
(556, 'nội dung tin nhắn', 4, 25, '2020-06-05 02:39:17', '2020-06-05 02:39:17'),
(569, 'nội dung tin nhắn', 1, 36, '2020-06-05 07:47:43', '2020-06-05 07:47:43'),
(582, 'nội dung tin nhắn', 1, 36, '2020-06-05 08:12:02', '2020-06-05 08:12:02'),
(583, 'nội dung tin nhắn', 1, 36, '2020-06-05 08:12:13', '2020-06-05 08:12:13'),
(584, 'nội dung tin nhắn', 1, 36, '2020-06-05 08:12:52', '2020-06-05 08:12:52'),
(585, 'nội dung tin nhắn', 1, 36, '2020-06-05 08:13:33', '2020-06-05 08:13:33'),
(590, 'nội dung tin nhắn', 1, 36, '2020-06-05 08:16:20', '2020-06-05 08:16:20'),
(658, 'nội dung tin nhắn', 4, 36, '2020-06-05 14:58:30', '2020-06-05 14:58:30'),
(659, 'nội dung tin nhắn', 1, 36, '2020-06-05 14:58:57', '2020-06-05 14:58:57'),
(660, 'nội dung tin nhắn', 4, 36, '2020-06-05 14:59:00', '2020-06-05 14:59:00'),
(661, 'nội dung tin nhắn', 1, 36, '2020-06-05 14:59:07', '2020-06-05 14:59:07'),
(662, 'nội dung tin nhắn', 4, 36, '2020-06-05 15:00:15', '2020-06-05 15:00:15'),
(663, 'nội dung tin nhắn', 1, 36, '2020-06-05 15:00:18', '2020-06-05 15:00:18'),
(664, 'nội dung tin nhắn', 4, 36, '2020-06-05 15:00:23', '2020-06-05 15:00:23'),
(665, 'nội dung tin nhắn', 1, 36, '2020-06-05 15:00:27', '2020-06-05 15:00:27'),
(666, 'nội dung tin nhắn', 4, 36, '2020-06-05 15:00:30', '2020-06-05 15:00:30'),
(667, 'nội dung tin nhắn', 4, 36, '2020-06-05 15:00:36', '2020-06-05 15:00:36'),
(668, 'nội dung tin nhắn', 4, 36, '2020-06-05 15:00:39', '2020-06-05 15:00:39'),
(669, 'nội dung tin nhắn', 1, 36, '2020-06-05 15:00:42', '2020-06-05 15:00:42'),
(670, 'nội dung tin nhắn', 1, 36, '2020-06-05 15:00:45', '2020-06-05 15:00:45'),
(671, 'nội dung tin nhắn', 4, 36, '2020-06-05 15:00:49', '2020-06-05 15:00:49'),
(672, 'nội dung tin nhắn', 1, 36, '2020-06-05 15:00:54', '2020-06-05 15:00:54'),
(673, 'nội dung tin nhắn', 4, 36, '2020-06-05 15:00:57', '2020-06-05 15:00:57');

-- --------------------------------------------------------

--
-- Table structure for table `likes`
--

CREATE TABLE `likes` (
  `id` bigint(20) UNSIGNED NOT NULL,
  `post_id` int(11) NOT NULL,
  `user_id` int(11) NOT NULL,
  `created_at` timestamp NULL DEFAULT NULL,
  `updated_at` timestamp NULL DEFAULT NULL
) ENGINE=InnoDB DEFAULT CHARSET=utf8mb4 COLLATE=utf8mb4_unicode_ci;

--
-- Dumping data for table `likes`
--

INSERT INTO `likes` (`id`, `post_id`, `user_id`, `created_at`, `updated_at`) VALUES
(192, 158, 2, '2020-04-04 15:40:15', '2020-04-04 15:40:15'),
(193, 158, 3, '2020-04-04 15:40:54', '2020-04-04 15:40:54'),
(204, 157, 1, '2020-04-12 02:29:26', '2020-04-12 02:29:26'),
(219, 175, 1, '2020-04-24 14:16:36', '2020-04-24 14:16:36'),
(220, 158, 1, '2020-04-24 14:18:35', '2020-04-24 14:18:35'),
(222, 172, 1, '2020-04-25 03:04:10', '2020-04-25 03:04:10'),
(224, 141, 4, '2020-04-28 12:30:44', '2020-04-28 12:30:44'),
(233, 236, 1, '2020-05-15 08:51:04', '2020-05-15 08:51:04'),
(234, 242, 1, '2020-05-15 12:28:14', '2020-05-15 12:28:14'),
(239, 235, 1, '2020-05-18 05:50:59', '2020-05-18 05:50:59'),
(249, 253, 4, '2020-06-02 02:08:27', '2020-06-02 02:08:27'),
(250, 252, 2, '2020-06-02 03:24:25', '2020-06-02 03:24:25'),
(251, 252, 5, '2020-06-02 04:25:57', '2020-06-02 04:25:57'),
(258, 141, 1, '2020-06-12 03:51:13', '2020-06-12 03:51:13'),
(263, 249, 1, '2020-06-12 14:14:29', '2020-06-12 14:14:29'),
(276, 269, 5, '2020-06-16 17:49:07', '2020-06-16 17:49:07'),
(277, 157, 2, '2020-06-17 12:09:05', '2020-06-17 12:09:05'),
(281, 269, 1, '2020-07-02 19:08:30', '2020-07-02 19:08:30');

-- --------------------------------------------------------

--
-- Table structure for table `migrations`
--

CREATE TABLE `migrations` (
  `id` int(10) UNSIGNED NOT NULL,
  `migration` varchar(191) COLLATE utf8mb4_unicode_ci NOT NULL,
  `batch` int(11) NOT NULL
) ENGINE=InnoDB DEFAULT CHARSET=utf8mb4 COLLATE=utf8mb4_unicode_ci;

--
-- Dumping data for table `migrations`
--

INSERT INTO `migrations` (`id`, `migration`, `batch`) VALUES
(4, '2014_10_12_000000_create_users_table', 1),
(5, '2014_10_12_100000_create_password_resets_table', 1),
(6, '2020_03_28_121845_create_posts_table', 1),
(7, '2020_03_29_095416_create_likes_table', 2),
(8, '2020_03_30_175733_create_comments_post_parents_table', 3),
(9, '2020_04_01_181509_create_friends_table', 4),
(11, '2020_04_04_093046_create_groups_table', 5),
(12, '2020_04_04_103315_create_group_messages_table', 6),
(13, '2020_04_05_101209_create_user_of_groups_table', 7),
(14, '2020_04_08_101954_create_friend_messages_table', 8),
(15, '2020_05_14_092258_create_notifications_table', 9),
(17, '2020_05_16_110316_create_tracking_users_table', 10);

-- --------------------------------------------------------

--
-- Table structure for table `password_resets`
--

CREATE TABLE `password_resets` (
  `email` varchar(191) COLLATE utf8mb4_unicode_ci NOT NULL,
  `token` varchar(191) COLLATE utf8mb4_unicode_ci NOT NULL,
  `created_at` timestamp NULL DEFAULT NULL
) ENGINE=InnoDB DEFAULT CHARSET=utf8mb4 COLLATE=utf8mb4_unicode_ci;

-- --------------------------------------------------------

--
-- Table structure for table `posts`
--

CREATE TABLE `posts` (
  `id` bigint(20) UNSIGNED NOT NULL,
  `content` varchar(1991) COLLATE utf8mb4_unicode_ci DEFAULT NULL,
  `images` varchar(191) COLLATE utf8mb4_unicode_ci DEFAULT NULL,
  `video` varchar(191) COLLATE utf8mb4_unicode_ci DEFAULT NULL,
  `user_id` int(11) NOT NULL,
  `created_at` timestamp NULL DEFAULT NULL,
  `updated_at` timestamp NULL DEFAULT NULL
) ENGINE=InnoDB DEFAULT CHARSET=utf8mb4 COLLATE=utf8mb4_unicode_ci;

--
-- Dumping data for table `posts`
--

INSERT INTO `posts` (`id`, `content`, `images`, `video`, `user_id`, `created_at`, `updated_at`) VALUES
(141, '<p><i>Thư giản nào</i></p>', NULL, 'bghcdC4n3KBvMKyA1585708038.mp4', 1, '2020-04-01 02:27:18', '2020-04-01 02:27:18'),
(157, '<p><strong>Lorem&nbsp;</strong>ipsum&nbsp;dolor,&nbsp;sit&nbsp;amet&nbsp;consectetur&nbsp;adipisicing&nbsp;elit.&nbsp;Repellat&nbsp;quasi&nbsp;quod&nbsp;saepe!&nbsp;Numquam&nbsp;et&nbsp;assumenda&nbsp;earum&nbsp;illum&nbsp;<i>in&nbsp;a&nbsp;iste</i>,&nbsp;iusto&nbsp;<strong>explicabo&nbsp;</strong>incidunt&nbsp;veritatis&nbsp;qui&nbsp;sit,&nbsp;quasi&nbsp;perspiciatis&nbsp;nemo&nbsp;ipsam.</p>', NULL, NULL, 2, '2020-04-03 02:48:22', '2020-04-03 02:48:22'),
(158, '<p>Lại đúng trong 1 số trường hợp</p>', '[\"1FyAzymKUEdcld8D1585883289.jpg\"]', NULL, 3, '2020-04-03 03:08:10', '2020-04-03 03:08:10'),
(172, '<p>Chức năng comment làm khó quá</p>', NULL, NULL, 3, '2020-04-09 12:40:47', '2020-04-09 12:40:47'),
(175, '<p>Nội dung chỉ gồm văn bản</p>', NULL, NULL, 2, '2020-04-09 12:53:13', '2020-04-09 12:53:13'),
(234, '<p>Test đăng ảnh</p>', '[\"OOsrbkW3cSwQRc5f1588079104.jpg\"]', NULL, 5, '2020-04-28 13:05:05', '2020-04-28 13:05:05'),
(235, '<p>Không biết nên học lập trình từ đâu nhỉ</p>', NULL, NULL, 4, '2020-04-28 13:35:55', '2020-04-28 13:35:55'),
(236, '<p>Meoww Meoww</p>', '[\"EYlJOJziJ0s4JrU31588474089.jpg\"]', NULL, 3, '2020-05-03 02:48:10', '2020-05-03 02:48:10'),
(241, '<p>Test thử video nè</p>', NULL, 'Z0jcxWltQS3cHwRD1589545229.mp4', 3, '2020-05-15 12:20:29', '2020-05-15 12:20:29'),
(242, NULL, '[\"lpWBSM5EYD0AvnZ01589545317.png\"]', NULL, 3, '2020-05-15 12:21:57', '2020-05-15 12:21:57'),
(247, '<p>Hi, tối vui vẻ</p>', NULL, NULL, 5, '2020-05-18 14:09:48', '2020-05-18 14:09:48'),
(248, '<p>Mọi comment sẽ được xóa vào lúc 00:00</p>', NULL, NULL, 4, '2020-05-20 02:37:35', '2020-05-20 02:37:35'),
(249, '<p>Tớ đây</p>', '[\"mo9qulQ7AoWmgsdS1589943842.jpg\",\"vE9DVp2S30nSC4ej1589943842.jpg\"]', NULL, 1, '2020-05-20 03:04:02', '2020-05-20 03:04:02'),
(252, '<p>Một buổi sáng đẹp trời, và không biết chức năng còn hoạt động hay không</p>', NULL, NULL, 1, '2020-06-02 02:06:02', '2020-06-02 02:06:02'),
(253, '<p>        Lorem ipsum dolor sit amet consectetur, adipisicing elit. Vitae, eligendi facilis? Inventore, dignissimos. Accusantium, voluptatum sint! Suscipit, tenetur cupiditate molestiae enim magnam, cumque, eveniet voluptatibus temporibus delectus dolorem fuga animi.\r\n</p>', NULL, NULL, 4, '2020-06-02 02:07:32', '2020-06-02 02:07:32'),
(257, '<h4>Một ngày tuyệt vời</h4>', NULL, NULL, 7, '2020-06-10 16:44:42', '2020-06-10 16:44:42'),
(269, '<ul><li>HTML là ngôn ngữ đánh dấu chuẩn để tạo trang web.</li><li>HTML là viết tắt của Hyper Text Markup Language (ngôn ngữ đánh dấu siêu văn bản).</li></ul>', '[\"B5IhqoBwZjabyk191592329700.png\"]', NULL, 1, '2020-06-16 17:48:20', '2020-06-28 06:19:36');

-- --------------------------------------------------------

--
-- Table structure for table `tracking_users`
--

CREATE TABLE `tracking_users` (
  `id` bigint(20) UNSIGNED NOT NULL,
  `action` varchar(191) COLLATE utf8mb4_unicode_ci NOT NULL,
  `content` varchar(1991) COLLATE utf8mb4_unicode_ci DEFAULT NULL,
  `device` varchar(191) COLLATE utf8mb4_unicode_ci DEFAULT NULL,
  `ip_address` varchar(191) COLLATE utf8mb4_unicode_ci NOT NULL,
  `user_id` int(11) NOT NULL,
  `post_id` int(11) DEFAULT NULL,
  `created_at` timestamp NULL DEFAULT NULL,
  `updated_at` timestamp NULL DEFAULT NULL
) ENGINE=InnoDB DEFAULT CHARSET=utf8mb4 COLLATE=utf8mb4_unicode_ci;

--
-- Dumping data for table `tracking_users`
--

INSERT INTO `tracking_users` (`id`, `action`, `content`, `device`, `ip_address`, `user_id`, `post_id`, `created_at`, `updated_at`) VALUES
(90, 'Thích bài viết', NULL, 'Mozilla/5.0 (Windows NT 10.0; Win64; x64; rv:76.0) Gecko/20100101 Firefox/76.0', '127.0.0.1', 2, 209, '2020-05-18 06:01:22', '2020-05-18 06:01:22'),
(91, 'Comment bài viết', NULL, 'Mozilla/5.0 (Windows NT 10.0; Win64; x64; rv:76.0) Gecko/20100101 Firefox/76.0', '127.0.0.1', 2, 175, '2020-05-18 06:01:28', '2020-05-18 06:01:28'),
(96, 'Đăng nhập', NULL, 'Mozilla/5.0 (Windows NT 10.0; Win64; x64) AppleWebKit/537.36 (KHTML, like Gecko) Chrome/81.0.4044.138 Safari/537.36', '127.0.0.1', 5, NULL, '2020-05-18 14:09:40', '2020-05-18 14:09:40'),
(97, 'Tạo mới bài viết', NULL, 'Mozilla/5.0 (Windows NT 10.0; Win64; x64) AppleWebKit/537.36 (KHTML, like Gecko) Chrome/81.0.4044.138 Safari/537.36', '127.0.0.1', 5, 247, '2020-05-18 14:09:48', '2020-05-18 14:09:48'),
(98, 'Thích bài viết', NULL, 'Mozilla/5.0 (Windows NT 10.0; Win64; x64) AppleWebKit/537.36 (KHTML, like Gecko) Chrome/81.0.4044.138 Safari/537.36', '127.0.0.1', 5, 247, '2020-05-18 14:09:57', '2020-05-18 14:09:57'),
(99, 'Đăng xuất', NULL, 'Mozilla/5.0 (Windows NT 10.0; Win64; x64) AppleWebKit/537.36 (KHTML, like Gecko) Chrome/81.0.4044.138 Safari/537.36', '127.0.0.1', 5, NULL, '2020-05-18 14:09:59', '2020-05-18 14:09:59'),
(100, 'Thích bài viết', NULL, 'Mozilla/5.0 (Windows NT 10.0; Win64; x64) AppleWebKit/537.36 (KHTML, like Gecko) Chrome/81.0.4044.138 Safari/537.36', '127.0.0.1', 6, 247, '2020-05-18 15:42:28', '2020-05-18 15:42:28'),
(101, 'Hủy thích bài viết', NULL, 'Mozilla/5.0 (Windows NT 10.0; Win64; x64) AppleWebKit/537.36 (KHTML, like Gecko) Chrome/81.0.4044.138 Safari/537.36', '127.0.0.1', 6, 247, '2020-05-18 15:42:32', '2020-05-18 15:42:32'),
(147, 'Comment bài viết', 'vui cc :))', 'Mozilla/5.0 (Windows NT 10.0; Win64; x64) AppleWebKit/537.36 (KHTML, like Gecko) Chrome/81.0.4044.138 Safari/537.36', '127.0.0.1', 1, 247, '2020-05-19 14:15:18', '2020-05-19 14:15:18'),
(171, 'Đăng nhập', NULL, 'Mozilla/5.0 (Windows NT 10.0; Win64; x64) AppleWebKit/537.36 (KHTML, like Gecko) Chrome/81.0.4044.138 Safari/537.36', '127.0.0.1', 4, NULL, '2020-05-19 15:45:51', '2020-05-19 15:45:51'),
(172, 'Đăng xuất', NULL, 'Mozilla/5.0 (Windows NT 10.0; Win64; x64) AppleWebKit/537.36 (KHTML, like Gecko) Chrome/81.0.4044.138 Safari/537.36', '127.0.0.1', 4, NULL, '2020-05-19 15:47:20', '2020-05-19 15:47:20'),
(174, 'Hủy thích bài viết', NULL, 'Mozilla/5.0 (Windows NT 10.0; Win64; x64) AppleWebKit/537.36 (KHTML, like Gecko) Chrome/81.0.4044.138 Safari/537.36', '127.0.0.1', 5, 247, '2020-05-19 15:47:38', '2020-05-19 15:47:38'),
(175, 'Comment bài viết', 'gắt quá', 'Mozilla/5.0 (Windows NT 10.0; Win64; x64) AppleWebKit/537.36 (KHTML, like Gecko) Chrome/81.0.4044.138 Safari/537.36', '127.0.0.1', 5, 247, '2020-05-19 15:47:44', '2020-05-19 15:47:44'),
(176, 'Comment bài viết', 'haha', 'Mozilla/5.0 (Windows NT 10.0; Win64; x64) AppleWebKit/537.36 (KHTML, like Gecko) Chrome/81.0.4044.138 Safari/537.36', '127.0.0.1', 5, 140, '2020-05-19 15:48:07', '2020-05-19 15:48:07'),
(177, 'Thích bài viết', NULL, 'Mozilla/5.0 (Windows NT 10.0; Win64; x64) AppleWebKit/537.36 (KHTML, like Gecko) Chrome/81.0.4044.138 Safari/537.36', '127.0.0.1', 5, 209, '2020-05-19 15:48:52', '2020-05-19 15:48:52'),
(178, 'Đăng xuất', NULL, 'Mozilla/5.0 (Windows NT 10.0; Win64; x64) AppleWebKit/537.36 (KHTML, like Gecko) Chrome/81.0.4044.138 Safari/537.36', '127.0.0.1', 5, NULL, '2020-05-19 15:48:54', '2020-05-19 15:48:54'),
(179, 'Đăng nhập', NULL, 'Mozilla/5.0 (Windows NT 10.0; Win64; x64) AppleWebKit/537.36 (KHTML, like Gecko) Chrome/81.0.4044.138 Safari/537.36 OPR/68.0.3618.104', '127.0.0.1', 4, NULL, '2020-05-20 02:37:12', '2020-05-20 02:37:12'),
(180, 'Tạo mới bài viết', NULL, 'Mozilla/5.0 (Windows NT 10.0; Win64; x64) AppleWebKit/537.36 (KHTML, like Gecko) Chrome/81.0.4044.138 Safari/537.36 OPR/68.0.3618.104', '127.0.0.1', 4, 248, '2020-05-20 02:37:35', '2020-05-20 02:37:35'),
(181, 'Đăng xuất', NULL, 'Mozilla/5.0 (Windows NT 10.0; Win64; x64) AppleWebKit/537.36 (KHTML, like Gecko) Chrome/81.0.4044.138 Safari/537.36 OPR/68.0.3618.104', '127.0.0.1', 4, NULL, '2020-05-20 02:37:52', '2020-05-20 02:37:52'),
(187, 'Tạo mới bài viết', NULL, 'Mozilla/5.0 (Windows NT 10.0; Win64; x64) AppleWebKit/537.36 (KHTML, like Gecko) Chrome/81.0.4044.138 Safari/537.36', '127.0.0.1', 1, 249, '2020-05-20 03:04:02', '2020-05-20 03:04:02'),
(242, 'Đăng nhập', NULL, 'Mozilla/5.0 (Windows NT 10.0; Win64; x64) AppleWebKit/537.36 (KHTML, like Gecko) Chrome/81.0.4044.138 Safari/537.36', '127.0.0.1', 1, NULL, '2020-05-20 04:29:08', '2020-05-20 04:29:08'),
(243, 'Đăng nhập', NULL, 'Mozilla/5.0 (Windows NT 10.0; Win64; x64) AppleWebKit/537.36 (KHTML, like Gecko) Chrome/81.0.4044.138 Safari/537.36', '127.0.0.1', 1, NULL, '2020-05-20 13:30:08', '2020-05-20 13:30:08'),
(244, 'Thích bài viết', NULL, 'Mozilla/5.0 (Windows NT 10.0; Win64; x64) AppleWebKit/537.36 (KHTML, like Gecko) Chrome/81.0.4044.138 Safari/537.36', '127.0.0.1', 1, 247, '2020-05-20 13:30:17', '2020-05-20 13:30:17'),
(245, 'Comment bài viết', 'tối vui vẻ', 'Mozilla/5.0 (Windows NT 10.0; Win64; x64) AppleWebKit/537.36 (KHTML, like Gecko) Chrome/81.0.4044.138 Safari/537.36', '127.0.0.1', 1, 247, '2020-05-20 13:30:24', '2020-05-20 13:30:24'),
(305, 'Đăng nhập', NULL, 'Mozilla/5.0 (Windows NT 10.0; Win64; x64) AppleWebKit/537.36 (KHTML, like Gecko) Chrome/81.0.4044.138 Safari/537.36', '127.0.0.1', 1, NULL, '2020-05-29 02:50:06', '2020-05-29 02:50:06'),
(306, 'Thích bài viết', NULL, 'Mozilla/5.0 (Windows NT 10.0; Win64; x64) AppleWebKit/537.36 (KHTML, like Gecko) Chrome/81.0.4044.138 Safari/537.36', '127.0.0.1', 1, 249, '2020-05-29 02:50:46', '2020-05-29 02:50:46'),
(316, 'Đăng nhập', NULL, 'Mozilla/5.0 (Windows NT 10.0; Win64; x64) AppleWebKit/537.36 (KHTML, like Gecko) Chrome/81.0.4044.138 Safari/537.36', '127.0.0.1', 1, NULL, '2020-05-31 09:01:27', '2020-05-31 09:01:27'),
(317, 'Hủy thích bài viết', NULL, 'Mozilla/5.0 (Windows NT 10.0; Win64; x64) AppleWebKit/537.36 (KHTML, like Gecko) Chrome/81.0.4044.138 Safari/537.36', '127.0.0.1', 1, 249, '2020-05-31 09:04:25', '2020-05-31 09:04:25'),
(318, 'Thích bài viết', NULL, 'Mozilla/5.0 (Windows NT 10.0; Win64; x64) AppleWebKit/537.36 (KHTML, like Gecko) Chrome/81.0.4044.138 Safari/537.36', '127.0.0.1', 1, 249, '2020-05-31 09:04:26', '2020-05-31 09:04:26'),
(324, 'Comment bài viết', 'xxx', 'Mozilla/5.0 (Windows NT 10.0; Win64; x64) AppleWebKit/537.36 (KHTML, like Gecko) Chrome/81.0.4044.138 Safari/537.36', '127.0.0.1', 6, 249, '2020-06-01 14:25:30', '2020-06-01 14:25:30'),
(325, 'Đăng nhập', NULL, 'Mozilla/5.0 (Windows NT 10.0; Win64; x64) AppleWebKit/537.36 (KHTML, like Gecko) Chrome/81.0.4044.138 Safari/537.36', '127.0.0.1', 1, NULL, '2020-06-01 15:24:29', '2020-06-01 15:24:29'),
(326, 'Đăng xuất', NULL, 'Mozilla/5.0 (Windows NT 10.0; Win64; x64) AppleWebKit/537.36 (KHTML, like Gecko) Chrome/81.0.4044.138 Safari/537.36', '127.0.0.1', 1, NULL, '2020-06-01 15:51:15', '2020-06-01 15:51:15'),
(327, 'Thích bài viết', NULL, 'Mozilla/5.0 (Windows NT 10.0; Win64; x64) AppleWebKit/537.36 (KHTML, like Gecko) Chrome/81.0.4044.138 Safari/537.36', '127.0.0.1', 6, 247, '2020-06-02 01:46:33', '2020-06-02 01:46:33'),
(328, 'Hủy thích bài viết', NULL, 'Mozilla/5.0 (Windows NT 10.0; Win64; x64) AppleWebKit/537.36 (KHTML, like Gecko) Chrome/81.0.4044.138 Safari/537.36', '127.0.0.1', 6, 247, '2020-06-02 01:46:38', '2020-06-02 01:46:38'),
(329, 'Đăng nhập', NULL, 'Mozilla/5.0 (Windows NT 10.0; Win64; x64) AppleWebKit/537.36 (KHTML, like Gecko) Chrome/81.0.4044.138 Safari/537.36', '127.0.0.1', 1, NULL, '2020-06-02 01:57:25', '2020-06-02 01:57:25'),
(330, 'Tạo mới bài viết', NULL, 'Mozilla/5.0 (Windows NT 10.0; Win64; x64) AppleWebKit/537.36 (KHTML, like Gecko) Chrome/81.0.4044.138 Safari/537.36', '127.0.0.1', 1, 252, '2020-06-02 02:06:02', '2020-06-02 02:06:02'),
(331, 'Đăng xuất', NULL, 'Mozilla/5.0 (Windows NT 10.0; Win64; x64) AppleWebKit/537.36 (KHTML, like Gecko) Chrome/81.0.4044.138 Safari/537.36', '127.0.0.1', 1, NULL, '2020-06-02 02:06:10', '2020-06-02 02:06:10'),
(332, 'Đăng nhập', NULL, 'Mozilla/5.0 (Windows NT 10.0; Win64; x64) AppleWebKit/537.36 (KHTML, like Gecko) Chrome/81.0.4044.138 Safari/537.36', '127.0.0.1', 4, NULL, '2020-06-02 02:06:15', '2020-06-02 02:06:15'),
(333, 'Tạo mới bài viết', NULL, 'Mozilla/5.0 (Windows NT 10.0; Win64; x64) AppleWebKit/537.36 (KHTML, like Gecko) Chrome/81.0.4044.138 Safari/537.36', '127.0.0.1', 4, 253, '2020-06-02 02:07:32', '2020-06-02 02:07:32'),
(334, 'Thích bài viết', NULL, 'Mozilla/5.0 (Windows NT 10.0; Win64; x64) AppleWebKit/537.36 (KHTML, like Gecko) Chrome/81.0.4044.138 Safari/537.36', '127.0.0.1', 4, 253, '2020-06-02 02:08:27', '2020-06-02 02:08:27'),
(335, 'Comment bài viết', 'buồn :))', 'Mozilla/5.0 (Windows NT 10.0; Win64; x64) AppleWebKit/537.36 (KHTML, like Gecko) Chrome/81.0.4044.138 Safari/537.36', '127.0.0.1', 4, 253, '2020-06-02 02:08:39', '2020-06-02 02:08:39'),
(336, 'Đăng xuất', NULL, 'Mozilla/5.0 (Windows NT 10.0; Win64; x64) AppleWebKit/537.36 (KHTML, like Gecko) Chrome/81.0.4044.138 Safari/537.36', '127.0.0.1', 4, NULL, '2020-06-02 02:08:43', '2020-06-02 02:08:43'),
(337, 'Đăng nhập', NULL, 'Mozilla/5.0 (Windows NT 10.0; Win64; x64) AppleWebKit/537.36 (KHTML, like Gecko) Chrome/81.0.4044.138 Safari/537.36', '127.0.0.1', 2, NULL, '2020-06-02 03:24:08', '2020-06-02 03:24:08'),
(338, 'Thích bài viết', NULL, 'Mozilla/5.0 (Windows NT 10.0; Win64; x64) AppleWebKit/537.36 (KHTML, like Gecko) Chrome/81.0.4044.138 Safari/537.36', '127.0.0.1', 2, 252, '2020-06-02 03:24:25', '2020-06-02 03:24:25'),
(343, 'Comment bài viết', 'móa thằng lol', 'Mozilla/5.0 (Windows NT 10.0; Win64; x64) AppleWebKit/537.36 (KHTML, like Gecko) Chrome/81.0.4044.138 Safari/537.36', '127.0.0.1', 5, 247, '2020-06-02 04:24:47', '2020-06-02 04:24:47'),
(344, 'Comment bài viết', 'rảnh đell làm gì à', 'Mozilla/5.0 (Windows NT 10.0; Win64; x64) AppleWebKit/537.36 (KHTML, like Gecko) Chrome/81.0.4044.138 Safari/537.36', '127.0.0.1', 5, 247, '2020-06-02 04:25:01', '2020-06-02 04:25:01'),
(345, 'Thích bài viết', NULL, 'Mozilla/5.0 (Windows NT 10.0; Win64; x64) AppleWebKit/537.36 (KHTML, like Gecko) Chrome/81.0.4044.138 Safari/537.36', '127.0.0.1', 5, 252, '2020-06-02 04:25:57', '2020-06-02 04:25:57'),
(346, 'Đăng xuất', NULL, 'Mozilla/5.0 (Windows NT 10.0; Win64; x64) AppleWebKit/537.36 (KHTML, like Gecko) Chrome/81.0.4044.138 Safari/537.36', '127.0.0.1', 5, NULL, '2020-06-02 04:26:20', '2020-06-02 04:26:20'),
(349, 'Đăng nhập', NULL, 'Mozilla/5.0 (Windows NT 10.0; Win64; x64) AppleWebKit/537.36 (KHTML, like Gecko) Chrome/81.0.4044.138 Safari/537.36', '127.0.0.1', 1, NULL, '2020-06-02 07:53:20', '2020-06-02 07:53:20'),
(350, 'Thích bài viết', NULL, 'Mozilla/5.0 (Windows NT 10.0; Win64; x64) AppleWebKit/537.36 (KHTML, like Gecko) Chrome/81.0.4044.138 Safari/537.36', '127.0.0.1', 1, 252, '2020-06-02 07:53:33', '2020-06-02 07:53:33'),
(357, 'Tạo mới bài viết', NULL, 'Mozilla/5.0 (Windows NT 10.0; Win64; x64) AppleWebKit/537.36 (KHTML, like Gecko) Chrome/81.0.4044.138 Safari/537.36', '127.0.0.1', 1, 254, '2020-06-03 08:08:53', '2020-06-03 08:08:53'),
(361, 'Đăng nhập', NULL, 'Mozilla/5.0 (Windows NT 10.0; Win64; x64) AppleWebKit/537.36 (KHTML, like Gecko) Chrome/81.0.4044.138 Safari/537.36', '127.0.0.1', 1, NULL, '2020-06-04 07:13:09', '2020-06-04 07:13:09'),
(362, 'Đăng nhập', NULL, 'Mozilla/5.0 (Windows NT 10.0; Win64; x64) AppleWebKit/537.36 (KHTML, like Gecko) Chrome/81.0.4044.138 Safari/537.36', '127.0.0.1', 1, NULL, '2020-06-05 02:21:41', '2020-06-05 02:21:41'),
(363, 'Tạo mới bài viết', NULL, 'Mozilla/5.0 (Windows NT 10.0; Win64; x64) AppleWebKit/537.36 (KHTML, like Gecko) Chrome/81.0.4044.138 Safari/537.36', '127.0.0.1', 1, 255, '2020-06-05 02:21:58', '2020-06-05 02:21:58'),
(364, 'Xóa bài viết', NULL, 'Mozilla/5.0 (Windows NT 10.0; Win64; x64) AppleWebKit/537.36 (KHTML, like Gecko) Chrome/81.0.4044.138 Safari/537.36', '127.0.0.1', 1, NULL, '2020-06-05 02:22:01', '2020-06-05 02:22:01'),
(365, 'Đăng xuất', NULL, 'Mozilla/5.0 (Windows NT 10.0; Win64; x64) AppleWebKit/537.36 (KHTML, like Gecko) Chrome/81.0.4044.138 Safari/537.36', '127.0.0.1', 1, NULL, '2020-06-05 02:22:04', '2020-06-05 02:22:04'),
(378, 'Comment bài viết', 'móa nó', 'Mozilla/5.0 (Windows NT 10.0; Win64; x64) AppleWebKit/537.36 (KHTML, like Gecko) Chrome/81.0.4044.138 Safari/537.36', '127.0.0.1', 1, 252, '2020-06-05 08:02:56', '2020-06-05 08:02:56'),
(379, 'Comment bài viết', 'bị cái qq gì rồi', 'Mozilla/5.0 (Windows NT 10.0; Win64; x64) AppleWebKit/537.36 (KHTML, like Gecko) Chrome/81.0.4044.138 Safari/537.36', '127.0.0.1', 1, 252, '2020-06-05 08:03:02', '2020-06-05 08:03:02'),
(380, 'Comment bài viết', 'xxx', 'Mozilla/5.0 (Windows NT 10.0; Win64; x64) AppleWebKit/537.36 (KHTML, like Gecko) Chrome/81.0.4044.138 Safari/537.36', '127.0.0.1', 1, 252, '2020-06-05 08:03:05', '2020-06-05 08:03:05'),
(381, 'Comment bài viết', 'cccc', 'Mozilla/5.0 (Windows NT 10.0; Win64; x64) AppleWebKit/537.36 (KHTML, like Gecko) Chrome/81.0.4044.138 Safari/537.36', '127.0.0.1', 1, 252, '2020-06-05 08:03:09', '2020-06-05 08:03:09'),
(382, 'Comment bài viết', 'lạy thật&nbsp;', 'Mozilla/5.0 (Windows NT 10.0; Win64; x64) AppleWebKit/537.36 (KHTML, like Gecko) Chrome/81.0.4044.138 Safari/537.36', '127.0.0.1', 1, 252, '2020-06-05 08:03:17', '2020-06-05 08:03:17'),
(383, 'Comment bài viết', 'ádasdasd', 'Mozilla/5.0 (Windows NT 10.0; Win64; x64) AppleWebKit/537.36 (KHTML, like Gecko) Chrome/81.0.4044.138 Safari/537.36', '127.0.0.1', 1, 252, '2020-06-05 08:03:25', '2020-06-05 08:03:25'),
(384, 'Comment bài viết', 'qưeqeqwe', 'Mozilla/5.0 (Windows NT 10.0; Win64; x64) AppleWebKit/537.36 (KHTML, like Gecko) Chrome/81.0.4044.138 Safari/537.36', '127.0.0.1', 1, 252, '2020-06-05 08:03:27', '2020-06-05 08:03:27'),
(385, 'Comment bài viết', 'eee', 'Mozilla/5.0 (Windows NT 10.0; Win64; x64) AppleWebKit/537.36 (KHTML, like Gecko) Chrome/81.0.4044.138 Safari/537.36', '127.0.0.1', 1, 252, '2020-06-05 08:03:31', '2020-06-05 08:03:31'),
(434, 'Đăng nhập', NULL, 'Mozilla/5.0 (Windows NT 10.0; Win64; x64) AppleWebKit/537.36 (KHTML, like Gecko) Chrome/81.0.4044.138 Safari/537.36', '127.0.0.1', 1, NULL, '2020-06-09 15:28:25', '2020-06-09 15:28:25'),
(435, 'Đăng xuất', NULL, 'Mozilla/5.0 (Windows NT 10.0; Win64; x64) AppleWebKit/537.36 (KHTML, like Gecko) Chrome/81.0.4044.138 Safari/537.36', '127.0.0.1', 1, NULL, '2020-06-09 17:37:56', '2020-06-09 17:37:56'),
(436, 'Đăng nhập', NULL, 'Mozilla/5.0 (Windows NT 10.0; Win64; x64) AppleWebKit/537.36 (KHTML, like Gecko) Chrome/81.0.4044.138 Safari/537.36', '127.0.0.1', 1, NULL, '2020-06-10 02:39:07', '2020-06-10 02:39:07'),
(441, 'Hủy thích bài viết', NULL, 'Mozilla/5.0 (Windows NT 10.0; Win64; x64) AppleWebKit/537.36 (KHTML, like Gecko) Chrome/81.0.4044.138 Safari/537.36', '127.0.0.1', 1, 252, '2020-06-10 03:09:37', '2020-06-10 03:09:37'),
(442, 'Thích bài viết', NULL, 'Mozilla/5.0 (Windows NT 10.0; Win64; x64) AppleWebKit/537.36 (KHTML, like Gecko) Chrome/81.0.4044.138 Safari/537.36', '127.0.0.1', 1, 252, '2020-06-10 03:09:38', '2020-06-10 03:09:38'),
(443, 'Đăng nhập', NULL, 'Mozilla/5.0 (Windows NT 10.0; Win64; x64) AppleWebKit/537.36 (KHTML, like Gecko) Chrome/83.0.4103.97 Safari/537.36 Edg/83.0.478.45', '127.0.0.1', 4, NULL, '2020-06-10 04:37:13', '2020-06-10 04:37:13'),
(453, 'Hủy thích bài viết', NULL, 'Mozilla/5.0 (Windows NT 10.0; Win64; x64) AppleWebKit/537.36 (KHTML, like Gecko) Chrome/81.0.4044.138 Safari/537.36', '127.0.0.1', 1, 252, '2020-06-10 13:34:14', '2020-06-10 13:34:14'),
(454, 'Thích bài viết', NULL, 'Mozilla/5.0 (Windows NT 10.0; Win64; x64) AppleWebKit/537.36 (KHTML, like Gecko) Chrome/81.0.4044.138 Safari/537.36', '127.0.0.1', 1, 252, '2020-06-10 13:34:16', '2020-06-10 13:34:16'),
(455, 'Comment bài viết', '?', 'Mozilla/5.0 (Windows NT 10.0; Win64; x64) AppleWebKit/537.36 (KHTML, like Gecko) Chrome/81.0.4044.138 Safari/537.36', '127.0.0.1', 1, 209, '2020-06-10 13:35:22', '2020-06-10 13:35:22'),
(456, 'Hủy thích bài viết', NULL, 'Mozilla/5.0 (Windows NT 10.0; Win64; x64) AppleWebKit/537.36 (KHTML, like Gecko) Chrome/81.0.4044.138 Safari/537.36', '127.0.0.1', 1, 167, '2020-06-10 13:35:51', '2020-06-10 13:35:51'),
(457, 'Đăng xuất', NULL, 'Mozilla/5.0 (Windows NT 10.0; Win64; x64) AppleWebKit/537.36 (KHTML, like Gecko) Chrome/81.0.4044.138 Safari/537.36', '127.0.0.1', 1, NULL, '2020-06-10 13:50:14', '2020-06-10 13:50:14'),
(458, 'Đăng nhập', NULL, 'Mozilla/5.0 (Windows NT 10.0; Win64; x64) AppleWebKit/537.36 (KHTML, like Gecko) Chrome/81.0.4044.138 Safari/537.36', '127.0.0.1', 2, NULL, '2020-06-10 14:03:22', '2020-06-10 14:03:22'),
(459, 'Comment bài viết', 'xấu vl', 'Mozilla/5.0 (Windows NT 10.0; Win64; x64) AppleWebKit/537.36 (KHTML, like Gecko) Chrome/81.0.4044.138 Safari/537.36', '127.0.0.1', 2, 249, '2020-06-10 14:03:42', '2020-06-10 14:03:42'),
(460, 'Comment bài viết', 'haha', 'Mozilla/5.0 (Windows NT 10.0; Win64; x64) AppleWebKit/537.36 (KHTML, like Gecko) Chrome/81.0.4044.138 Safari/537.36', '127.0.0.1', 2, 209, '2020-06-10 14:03:51', '2020-06-10 14:03:51'),
(461, 'Xóa comment', NULL, 'Mozilla/5.0 (Windows NT 10.0; Win64; x64) AppleWebKit/537.36 (KHTML, like Gecko) Chrome/81.0.4044.138 Safari/537.36', '127.0.0.1', 2, 209, '2020-06-10 14:03:54', '2020-06-10 14:03:54'),
(462, 'Đăng xuất', NULL, 'Mozilla/5.0 (Windows NT 10.0; Win64; x64) AppleWebKit/537.36 (KHTML, like Gecko) Chrome/81.0.4044.138 Safari/537.36', '127.0.0.1', 2, NULL, '2020-06-10 14:03:58', '2020-06-10 14:03:58'),
(463, 'Đăng nhập', NULL, 'Mozilla/5.0 (Windows NT 10.0; Win64; x64) AppleWebKit/537.36 (KHTML, like Gecko) Chrome/81.0.4044.138 Safari/537.36', '127.0.0.1', 1, NULL, '2020-06-10 14:36:22', '2020-06-10 14:36:22'),
(464, 'Đăng xuất', NULL, 'Mozilla/5.0 (Windows NT 10.0; Win64; x64) AppleWebKit/537.36 (KHTML, like Gecko) Chrome/81.0.4044.138 Safari/537.36', '127.0.0.1', 1, NULL, '2020-06-10 14:37:55', '2020-06-10 14:37:55'),
(465, 'Đăng nhập', NULL, 'Mozilla/5.0 (Windows NT 10.0; Win64; x64) AppleWebKit/537.36 (KHTML, like Gecko) Chrome/81.0.4044.138 Safari/537.36', '127.0.0.1', 1, NULL, '2020-06-10 14:51:05', '2020-06-10 14:51:05'),
(466, 'Tạo mới bài viết', NULL, 'Mozilla/5.0 (Windows NT 10.0; Win64; x64) AppleWebKit/537.36 (KHTML, like Gecko) Chrome/81.0.4044.138 Safari/537.36', '127.0.0.1', 1, 256, '2020-06-10 16:11:35', '2020-06-10 16:11:35'),
(467, 'Thích bài viết', NULL, 'Mozilla/5.0 (Windows NT 10.0; Win64; x64) AppleWebKit/537.36 (KHTML, like Gecko) Chrome/81.0.4044.138 Safari/537.36', '127.0.0.1', 1, 256, '2020-06-10 16:11:38', '2020-06-10 16:11:38'),
(468, 'Comment bài viết', 'xxx', 'Mozilla/5.0 (Windows NT 10.0; Win64; x64) AppleWebKit/537.36 (KHTML, like Gecko) Chrome/81.0.4044.138 Safari/537.36', '127.0.0.1', 1, 256, '2020-06-10 16:11:41', '2020-06-10 16:11:41'),
(469, 'Hủy thích bài viết', NULL, 'Mozilla/5.0 (Windows NT 10.0; Win64; x64) AppleWebKit/537.36 (KHTML, like Gecko) Chrome/81.0.4044.138 Safari/537.36', '127.0.0.1', 1, 256, '2020-06-10 16:11:46', '2020-06-10 16:11:46'),
(470, 'Xóa bài viết', NULL, 'Mozilla/5.0 (Windows NT 10.0; Win64; x64) AppleWebKit/537.36 (KHTML, like Gecko) Chrome/81.0.4044.138 Safari/537.36', '127.0.0.1', 1, NULL, '2020-06-10 16:11:48', '2020-06-10 16:11:48'),
(471, 'Đăng nhập', NULL, 'Mozilla/5.0 (Windows NT 10.0; Win64; x64; rv:77.0) Gecko/20100101 Firefox/77.0', '127.0.0.1', 7, NULL, '2020-06-10 16:43:37', '2020-06-10 16:43:37'),
(472, 'Tạo mới bài viết', NULL, 'Mozilla/5.0 (Windows NT 10.0; Win64; x64; rv:77.0) Gecko/20100101 Firefox/77.0', '127.0.0.1', 7, 257, '2020-06-10 16:44:42', '2020-06-10 16:44:42'),
(473, 'Đăng xuất', NULL, 'Mozilla/5.0 (Windows NT 10.0; Win64; x64; rv:77.0) Gecko/20100101 Firefox/77.0', '127.0.0.1', 7, NULL, '2020-06-10 16:45:16', '2020-06-10 16:45:16'),
(478, 'Đăng nhập', NULL, 'Mozilla/5.0 (Windows NT 10.0; Win64; x64) AppleWebKit/537.36 (KHTML, like Gecko) Chrome/81.0.4044.138 Safari/537.36', '127.0.0.1', 1, NULL, '2020-06-11 14:22:56', '2020-06-11 14:22:56'),
(479, 'Hủy thích bài viết', NULL, 'Mozilla/5.0 (Windows NT 10.0; Win64; x64) AppleWebKit/537.36 (KHTML, like Gecko) Chrome/81.0.4044.138 Safari/537.36', '127.0.0.1', 1, 249, '2020-06-11 14:28:00', '2020-06-11 14:28:00'),
(480, 'Thích bài viết', NULL, 'Mozilla/5.0 (Windows NT 10.0; Win64; x64) AppleWebKit/537.36 (KHTML, like Gecko) Chrome/81.0.4044.138 Safari/537.36', '127.0.0.1', 1, 249, '2020-06-11 14:28:01', '2020-06-11 14:28:01'),
(481, 'Đăng nhập', NULL, 'Mozilla/5.0 (Windows NT 10.0; Win64; x64) AppleWebKit/537.36 (KHTML, like Gecko) Chrome/81.0.4044.138 Safari/537.36', '127.0.0.1', 1, NULL, '2020-06-12 03:16:40', '2020-06-12 03:16:40'),
(482, 'Thích bài viết', NULL, 'Mozilla/5.0 (Windows NT 10.0; Win64; x64) AppleWebKit/537.36 (KHTML, like Gecko) Chrome/81.0.4044.138 Safari/537.36', '127.0.0.1', 1, 141, '2020-06-12 03:51:10', '2020-06-12 03:51:10'),
(483, 'Hủy thích bài viết', NULL, 'Mozilla/5.0 (Windows NT 10.0; Win64; x64) AppleWebKit/537.36 (KHTML, like Gecko) Chrome/81.0.4044.138 Safari/537.36', '127.0.0.1', 1, 141, '2020-06-12 03:51:12', '2020-06-12 03:51:12'),
(484, 'Thích bài viết', NULL, 'Mozilla/5.0 (Windows NT 10.0; Win64; x64) AppleWebKit/537.36 (KHTML, like Gecko) Chrome/81.0.4044.138 Safari/537.36', '127.0.0.1', 1, 141, '2020-06-12 03:51:13', '2020-06-12 03:51:13'),
(489, 'Đăng nhập', NULL, 'Mozilla/5.0 (Windows NT 10.0; Win64; x64) AppleWebKit/537.36 (KHTML, like Gecko) Chrome/81.0.4044.138 Safari/537.36', '127.0.0.1', 1, NULL, '2020-06-12 13:40:37', '2020-06-12 13:40:37'),
(491, 'Hủy thích bài viết', NULL, 'Mozilla/5.0 (Windows NT 10.0; Win64; x64) AppleWebKit/537.36 (KHTML, like Gecko) Chrome/81.0.4044.138 Safari/537.36', '127.0.0.1', 1, 234, '2020-06-12 14:05:59', '2020-06-12 14:05:59'),
(493, 'Thích bài viết', NULL, 'Mozilla/5.0 (Windows NT 10.0; Win64; x64) AppleWebKit/537.36 (KHTML, like Gecko) Chrome/81.0.4044.138 Safari/537.36', '127.0.0.1', 1, 252, '2020-06-12 14:12:11', '2020-06-12 14:12:11'),
(508, 'Đăng xuất', NULL, 'Mozilla/5.0 (Windows NT 10.0; Win64; x64) AppleWebKit/537.36 (KHTML, like Gecko) Chrome/81.0.4044.138 Safari/537.36', '127.0.0.1', 1, NULL, '2020-06-12 14:22:31', '2020-06-12 14:22:31'),
(509, 'Thích bài viết', NULL, 'Mozilla/5.0 (Windows NT 10.0; Win64; x64) AppleWebKit/537.36 (KHTML, like Gecko) Chrome/81.0.4044.138 Safari/537.36', '127.0.0.1', 6, 234, '2020-06-12 14:22:49', '2020-06-12 14:22:49'),
(510, 'Hủy thích bài viết', NULL, 'Mozilla/5.0 (Windows NT 10.0; Win64; x64) AppleWebKit/537.36 (KHTML, like Gecko) Chrome/81.0.4044.138 Safari/537.36', '127.0.0.1', 6, 234, '2020-06-12 14:22:53', '2020-06-12 14:22:53'),
(511, 'Đăng nhập', NULL, 'Mozilla/5.0 (Windows NT 10.0; Win64; x64) AppleWebKit/537.36 (KHTML, like Gecko) Chrome/81.0.4044.138 Safari/537.36', '127.0.0.1', 1, NULL, '2020-06-13 07:16:27', '2020-06-13 07:16:27'),
(512, 'Hủy thích bài viết', NULL, 'Mozilla/5.0 (Windows NT 10.0; Win64; x64) AppleWebKit/537.36 (KHTML, like Gecko) Chrome/81.0.4044.138 Safari/537.36', '127.0.0.1', 1, 252, '2020-06-13 07:16:33', '2020-06-13 07:16:33'),
(513, 'Thích bài viết', NULL, 'Mozilla/5.0 (Windows NT 10.0; Win64; x64) AppleWebKit/537.36 (KHTML, like Gecko) Chrome/81.0.4044.138 Safari/537.36', '127.0.0.1', 1, 252, '2020-06-13 07:16:35', '2020-06-13 07:16:35'),
(514, 'Đăng xuất', NULL, 'Mozilla/5.0 (Windows NT 10.0; Win64; x64) AppleWebKit/537.36 (KHTML, like Gecko) Chrome/81.0.4044.138 Safari/537.36', '127.0.0.1', 1, NULL, '2020-06-13 07:23:22', '2020-06-13 07:23:22'),
(515, 'Đăng nhập', NULL, 'Mozilla/5.0 (Windows NT 10.0; Win64; x64) AppleWebKit/537.36 (KHTML, like Gecko) Chrome/81.0.4044.138 Safari/537.36', '127.0.0.1', 1, NULL, '2020-06-13 08:08:01', '2020-06-13 08:08:01'),
(516, 'Hủy thích bài viết', NULL, 'Mozilla/5.0 (Windows NT 10.0; Win64; x64) AppleWebKit/537.36 (KHTML, like Gecko) Chrome/81.0.4044.138 Safari/537.36', '127.0.0.1', 1, 252, '2020-06-13 08:08:26', '2020-06-13 08:08:26'),
(517, 'Thích bài viết', NULL, 'Mozilla/5.0 (Windows NT 10.0; Win64; x64) AppleWebKit/537.36 (KHTML, like Gecko) Chrome/81.0.4044.138 Safari/537.36', '127.0.0.1', 1, 252, '2020-06-13 08:08:29', '2020-06-13 08:08:29'),
(518, 'Hủy thích bài viết', NULL, 'Mozilla/5.0 (Windows NT 10.0; Win64; x64) AppleWebKit/537.36 (KHTML, like Gecko) Chrome/81.0.4044.138 Safari/537.36', '127.0.0.1', 1, 252, '2020-06-13 08:08:34', '2020-06-13 08:08:34'),
(519, 'Thích bài viết', NULL, 'Mozilla/5.0 (Windows NT 10.0; Win64; x64) AppleWebKit/537.36 (KHTML, like Gecko) Chrome/81.0.4044.138 Safari/537.36', '127.0.0.1', 1, 252, '2020-06-13 08:08:35', '2020-06-13 08:08:35'),
(520, 'Comment bài viết', 'ádasd', 'Mozilla/5.0 (Windows NT 10.0; Win64; x64) AppleWebKit/537.36 (KHTML, like Gecko) Chrome/81.0.4044.138 Safari/537.36', '127.0.0.1', 1, 252, '2020-06-13 08:09:04', '2020-06-13 08:09:04'),
(521, 'Comment bài viết', '<strong>ádasdasd</strong>', 'Mozilla/5.0 (Windows NT 10.0; Win64; x64) AppleWebKit/537.36 (KHTML, like Gecko) Chrome/81.0.4044.138 Safari/537.36', '127.0.0.1', 1, 252, '2020-06-13 08:09:08', '2020-06-13 08:09:08'),
(522, 'Xóa comment', NULL, 'Mozilla/5.0 (Windows NT 10.0; Win64; x64) AppleWebKit/537.36 (KHTML, like Gecko) Chrome/81.0.4044.138 Safari/537.36', '127.0.0.1', 1, 252, '2020-06-13 08:09:33', '2020-06-13 08:09:33'),
(523, 'Xóa comment', NULL, 'Mozilla/5.0 (Windows NT 10.0; Win64; x64) AppleWebKit/537.36 (KHTML, like Gecko) Chrome/81.0.4044.138 Safari/537.36', '127.0.0.1', 1, 252, '2020-06-13 08:09:35', '2020-06-13 08:09:35'),
(524, 'Tạo mới bài viết', NULL, 'Mozilla/5.0 (Windows NT 10.0; Win64; x64) AppleWebKit/537.36 (KHTML, like Gecko) Chrome/81.0.4044.138 Safari/537.36', '127.0.0.1', 1, 258, '2020-06-13 08:15:02', '2020-06-13 08:15:02'),
(525, 'Tạo mới bài viết', NULL, 'Mozilla/5.0 (Windows NT 10.0; Win64; x64) AppleWebKit/537.36 (KHTML, like Gecko) Chrome/81.0.4044.138 Safari/537.36', '127.0.0.1', 1, 259, '2020-06-13 08:15:10', '2020-06-13 08:15:10'),
(526, 'Tạo mới bài viết', NULL, 'Mozilla/5.0 (Windows NT 10.0; Win64; x64) AppleWebKit/537.36 (KHTML, like Gecko) Chrome/81.0.4044.138 Safari/537.36', '127.0.0.1', 1, 260, '2020-06-13 08:15:30', '2020-06-13 08:15:30'),
(527, 'Tạo mới bài viết', NULL, 'Mozilla/5.0 (Windows NT 10.0; Win64; x64) AppleWebKit/537.36 (KHTML, like Gecko) Chrome/81.0.4044.138 Safari/537.36', '127.0.0.1', 1, 261, '2020-06-13 08:16:11', '2020-06-13 08:16:11'),
(528, 'Đăng nhập', NULL, 'Mozilla/5.0 (Windows NT 10.0; Win64; x64) AppleWebKit/537.36 (KHTML, like Gecko) Chrome/83.0.4103.97 Safari/537.36', '127.0.0.1', 2, NULL, '2020-06-13 08:22:38', '2020-06-13 08:22:38'),
(529, 'Đăng xuất', NULL, 'Mozilla/5.0 (Windows NT 10.0; Win64; x64) AppleWebKit/537.36 (KHTML, like Gecko) Chrome/81.0.4044.138 Safari/537.36', '127.0.0.1', 1, NULL, '2020-06-13 08:25:37', '2020-06-13 08:25:37'),
(530, 'Đăng nhập', NULL, 'Mozilla/5.0 (Windows NT 10.0; Win64; x64) AppleWebKit/537.36 (KHTML, like Gecko) Chrome/81.0.4044.138 Safari/537.36', '127.0.0.1', 4, NULL, '2020-06-13 08:25:44', '2020-06-13 08:25:44'),
(531, 'Đăng xuất', NULL, 'Mozilla/5.0 (Windows NT 10.0; Win64; x64) AppleWebKit/537.36 (KHTML, like Gecko) Chrome/81.0.4044.138 Safari/537.36', '127.0.0.1', 4, NULL, '2020-06-13 08:29:46', '2020-06-13 08:29:46'),
(532, 'Đăng nhập', NULL, 'Mozilla/5.0 (Windows NT 10.0; Win64; x64) AppleWebKit/537.36 (KHTML, like Gecko) Chrome/81.0.4044.138 Safari/537.36', '127.0.0.1', 1, NULL, '2020-06-13 08:29:55', '2020-06-13 08:29:55'),
(533, 'Xóa bài viết', NULL, 'Mozilla/5.0 (Windows NT 10.0; Win64; x64) AppleWebKit/537.36 (KHTML, like Gecko) Chrome/81.0.4044.138 Safari/537.36', '127.0.0.1', 1, NULL, '2020-06-13 08:31:35', '2020-06-13 08:31:35'),
(534, 'Xóa bài viết', NULL, 'Mozilla/5.0 (Windows NT 10.0; Win64; x64) AppleWebKit/537.36 (KHTML, like Gecko) Chrome/81.0.4044.138 Safari/537.36', '127.0.0.1', 1, NULL, '2020-06-13 08:31:55', '2020-06-13 08:31:55'),
(535, 'Comment bài viết', 'ádasd', 'Mozilla/5.0 (Windows NT 10.0; Win64; x64) AppleWebKit/537.36 (KHTML, like Gecko) Chrome/81.0.4044.138 Safari/537.36', '127.0.0.1', 1, 259, '2020-06-13 08:33:21', '2020-06-13 08:33:21'),
(536, 'Xóa comment', NULL, 'Mozilla/5.0 (Windows NT 10.0; Win64; x64) AppleWebKit/537.36 (KHTML, like Gecko) Chrome/81.0.4044.138 Safari/537.36', '127.0.0.1', 1, 259, '2020-06-13 08:33:31', '2020-06-13 08:33:31'),
(537, 'Thích bài viết', NULL, 'Mozilla/5.0 (Windows NT 10.0; Win64; x64) AppleWebKit/537.36 (KHTML, like Gecko) Chrome/81.0.4044.138 Safari/537.36', '127.0.0.1', 1, 259, '2020-06-13 08:33:36', '2020-06-13 08:33:36'),
(538, 'Hủy thích bài viết', NULL, 'Mozilla/5.0 (Windows NT 10.0; Win64; x64) AppleWebKit/537.36 (KHTML, like Gecko) Chrome/81.0.4044.138 Safari/537.36', '127.0.0.1', 1, 259, '2020-06-13 08:33:46', '2020-06-13 08:33:46'),
(539, 'Xóa bài viết', NULL, 'Mozilla/5.0 (Windows NT 10.0; Win64; x64) AppleWebKit/537.36 (KHTML, like Gecko) Chrome/81.0.4044.138 Safari/537.36', '127.0.0.1', 1, NULL, '2020-06-13 08:33:58', '2020-06-13 08:33:58'),
(540, 'Xóa bài viết', NULL, 'Mozilla/5.0 (Windows NT 10.0; Win64; x64) AppleWebKit/537.36 (KHTML, like Gecko) Chrome/81.0.4044.138 Safari/537.36', '127.0.0.1', 1, NULL, '2020-06-13 08:34:03', '2020-06-13 08:34:03'),
(541, 'Tạo mới bài viết', NULL, 'Mozilla/5.0 (Windows NT 10.0; Win64; x64) AppleWebKit/537.36 (KHTML, like Gecko) Chrome/81.0.4044.138 Safari/537.36', '127.0.0.1', 1, 262, '2020-06-13 08:43:36', '2020-06-13 08:43:36'),
(542, 'Xóa bài viết', NULL, 'Mozilla/5.0 (Windows NT 10.0; Win64; x64) AppleWebKit/537.36 (KHTML, like Gecko) Chrome/81.0.4044.138 Safari/537.36', '127.0.0.1', 1, NULL, '2020-06-13 08:43:42', '2020-06-13 08:43:42'),
(543, 'Tạo mới bài viết', NULL, 'Mozilla/5.0 (Windows NT 10.0; Win64; x64) AppleWebKit/537.36 (KHTML, like Gecko) Chrome/81.0.4044.138 Safari/537.36', '127.0.0.1', 1, 263, '2020-06-13 08:50:02', '2020-06-13 08:50:02'),
(544, 'Xóa bài viết', NULL, 'Mozilla/5.0 (Windows NT 10.0; Win64; x64) AppleWebKit/537.36 (KHTML, like Gecko) Chrome/81.0.4044.138 Safari/537.36', '127.0.0.1', 1, NULL, '2020-06-13 08:50:13', '2020-06-13 08:50:13'),
(545, 'Tạo mới bài viết', NULL, 'Mozilla/5.0 (Windows NT 10.0; Win64; x64) AppleWebKit/537.36 (KHTML, like Gecko) Chrome/81.0.4044.138 Safari/537.36', '127.0.0.1', 1, 264, '2020-06-13 08:52:56', '2020-06-13 08:52:56'),
(546, 'Xóa bài viết', NULL, 'Mozilla/5.0 (Windows NT 10.0; Win64; x64) AppleWebKit/537.36 (KHTML, like Gecko) Chrome/81.0.4044.138 Safari/537.36', '127.0.0.1', 1, NULL, '2020-06-13 08:53:06', '2020-06-13 08:53:06'),
(547, 'Tạo mới bài viết', NULL, 'Mozilla/5.0 (Windows NT 10.0; Win64; x64) AppleWebKit/537.36 (KHTML, like Gecko) Chrome/81.0.4044.138 Safari/537.36', '127.0.0.1', 1, 265, '2020-06-13 08:53:13', '2020-06-13 08:53:13'),
(548, 'Tạo mới bài viết', NULL, 'Mozilla/5.0 (Windows NT 10.0; Win64; x64) AppleWebKit/537.36 (KHTML, like Gecko) Chrome/81.0.4044.138 Safari/537.36', '127.0.0.1', 1, 266, '2020-06-13 08:53:28', '2020-06-13 08:53:28'),
(549, 'Tạo mới bài viết', NULL, 'Mozilla/5.0 (Windows NT 10.0; Win64; x64) AppleWebKit/537.36 (KHTML, like Gecko) Chrome/81.0.4044.138 Safari/537.36', '127.0.0.1', 1, 267, '2020-06-13 08:53:43', '2020-06-13 08:53:43'),
(550, 'Xóa bài viết', NULL, 'Mozilla/5.0 (Windows NT 10.0; Win64; x64) AppleWebKit/537.36 (KHTML, like Gecko) Chrome/81.0.4044.138 Safari/537.36', '127.0.0.1', 1, NULL, '2020-06-13 08:53:47', '2020-06-13 08:53:47'),
(551, 'Xóa bài viết', NULL, 'Mozilla/5.0 (Windows NT 10.0; Win64; x64) AppleWebKit/537.36 (KHTML, like Gecko) Chrome/81.0.4044.138 Safari/537.36', '127.0.0.1', 1, NULL, '2020-06-13 08:53:50', '2020-06-13 08:53:50'),
(552, 'Xóa bài viết', NULL, 'Mozilla/5.0 (Windows NT 10.0; Win64; x64) AppleWebKit/537.36 (KHTML, like Gecko) Chrome/81.0.4044.138 Safari/537.36', '127.0.0.1', 1, NULL, '2020-06-13 08:53:54', '2020-06-13 08:53:54'),
(553, 'Đăng nhập', NULL, 'Mozilla/5.0 (Windows NT 10.0; Win64; x64) AppleWebKit/537.36 (KHTML, like Gecko) Chrome/81.0.4044.138 Safari/537.36', '127.0.0.1', 1, NULL, '2020-06-14 11:03:12', '2020-06-14 11:03:12'),
(554, 'Đăng xuất', NULL, 'Mozilla/5.0 (Windows NT 10.0; Win64; x64) AppleWebKit/537.36 (KHTML, like Gecko) Chrome/81.0.4044.138 Safari/537.36', '127.0.0.1', 1, NULL, '2020-06-14 11:11:33', '2020-06-14 11:11:33'),
(555, 'Đăng nhập', NULL, 'Mozilla/5.0 (Windows NT 10.0; Win64; x64) AppleWebKit/537.36 (KHTML, like Gecko) Chrome/83.0.4103.97 Safari/537.36', '::1', 8, NULL, '2020-06-14 16:45:40', '2020-06-14 16:45:40'),
(556, 'Đăng nhập', NULL, 'Mozilla/5.0 (Windows NT 10.0; Win64; x64) AppleWebKit/537.36 (KHTML, like Gecko) Chrome/81.0.4044.138 Safari/537.36', '::1', 1, NULL, '2020-06-14 16:47:19', '2020-06-14 16:47:19'),
(557, 'Đăng nhập', NULL, 'Mozilla/5.0 (Windows NT 10.0; Win64; x64) AppleWebKit/537.36 (KHTML, like Gecko) Chrome/81.0.4044.138 Safari/537.36', '127.0.0.1', 1, NULL, '2020-06-15 01:35:41', '2020-06-15 01:35:41'),
(558, 'Đăng xuất', NULL, 'Mozilla/5.0 (Windows NT 10.0; Win64; x64) AppleWebKit/537.36 (KHTML, like Gecko) Chrome/81.0.4044.138 Safari/537.36', '127.0.0.1', 1, NULL, '2020-06-15 01:50:21', '2020-06-15 01:50:21'),
(559, 'Đăng nhập', NULL, 'Mozilla/5.0 (Windows NT 10.0; Win64; x64) AppleWebKit/537.36 (KHTML, like Gecko) Chrome/83.0.4103.97 Safari/537.36', '::1', 1, NULL, '2020-06-16 04:52:27', '2020-06-16 04:52:27'),
(560, 'Đăng nhập', NULL, 'Mozilla/5.0 (Windows NT 10.0; Win64; x64) AppleWebKit/537.36 (KHTML, like Gecko) Chrome/83.0.4103.97 Safari/537.36', '::1', 9, NULL, '2020-06-16 05:13:56', '2020-06-16 05:13:56'),
(561, 'Thích bài viết', NULL, 'Mozilla/5.0 (Windows NT 10.0; Win64; x64) AppleWebKit/537.36 (KHTML, like Gecko) Chrome/83.0.4103.97 Safari/537.36', '127.0.0.1', 1, 247, '2020-06-16 06:22:18', '2020-06-16 06:22:18'),
(562, 'Hủy thích bài viết', NULL, 'Mozilla/5.0 (Windows NT 10.0; Win64; x64) AppleWebKit/537.36 (KHTML, like Gecko) Chrome/83.0.4103.97 Safari/537.36', '127.0.0.1', 1, 247, '2020-06-16 06:22:20', '2020-06-16 06:22:20'),
(563, 'Đăng xuất', NULL, 'Mozilla/5.0 (Windows NT 10.0; Win64; x64) AppleWebKit/537.36 (KHTML, like Gecko) Chrome/83.0.4103.97 Safari/537.36', '127.0.0.1', 1, NULL, '2020-06-16 06:27:43', '2020-06-16 06:27:43'),
(564, 'Đăng nhập', NULL, 'Mozilla/5.0 (Windows NT 10.0; Win64; x64) AppleWebKit/537.36 (KHTML, like Gecko) Chrome/83.0.4103.97 Safari/537.36', '127.0.0.1', 1, NULL, '2020-06-16 11:38:55', '2020-06-16 11:38:55'),
(565, 'Tạo mới bài viết', NULL, 'Mozilla/5.0 (Windows NT 10.0; Win64; x64) AppleWebKit/537.36 (KHTML, like Gecko) Chrome/83.0.4103.97 Safari/537.36', '127.0.0.1', 1, 268, '2020-06-16 12:13:51', '2020-06-16 12:13:51'),
(566, 'Thích bài viết', NULL, 'Mozilla/5.0 (Windows NT 10.0; Win64; x64) AppleWebKit/537.36 (KHTML, like Gecko) Chrome/83.0.4103.97 Safari/537.36', '127.0.0.1', 1, 268, '2020-06-16 12:13:57', '2020-06-16 12:13:57'),
(567, 'Hủy thích bài viết', NULL, 'Mozilla/5.0 (Windows NT 10.0; Win64; x64) AppleWebKit/537.36 (KHTML, like Gecko) Chrome/83.0.4103.97 Safari/537.36', '127.0.0.1', 1, 268, '2020-06-16 12:13:59', '2020-06-16 12:13:59'),
(568, 'Thích bài viết', NULL, 'Mozilla/5.0 (Windows NT 10.0; Win64; x64) AppleWebKit/537.36 (KHTML, like Gecko) Chrome/83.0.4103.97 Safari/537.36', '127.0.0.1', 1, 268, '2020-06-16 12:14:00', '2020-06-16 12:14:00'),
(569, 'Comment bài viết', 'OK', 'Mozilla/5.0 (Windows NT 10.0; Win64; x64) AppleWebKit/537.36 (KHTML, like Gecko) Chrome/83.0.4103.97 Safari/537.36', '127.0.0.1', 1, 268, '2020-06-16 12:14:15', '2020-06-16 12:14:15'),
(570, 'Đăng nhập', NULL, 'Mozilla/5.0 (Windows NT 10.0; Win64; x64) AppleWebKit/537.36 (KHTML, like Gecko) Chrome/83.0.4103.97 Safari/537.36', '127.0.0.1', 5, NULL, '2020-06-16 12:20:19', '2020-06-16 12:20:19'),
(571, 'Đăng nhập', NULL, 'Mozilla/5.0 (Windows NT 10.0; Win64; x64) AppleWebKit/537.36 (KHTML, like Gecko) Chrome/83.0.4103.97 Safari/537.36', '127.0.0.1', 1, NULL, '2020-06-16 16:21:18', '2020-06-16 16:21:18'),
(572, 'Đăng xuất', NULL, 'Mozilla/5.0 (Windows NT 10.0; Win64; x64) AppleWebKit/537.36 (KHTML, like Gecko) Chrome/83.0.4103.97 Safari/537.36', '127.0.0.1', 1, NULL, '2020-06-16 16:22:23', '2020-06-16 16:22:23'),
(573, 'Đăng nhập', NULL, 'Mozilla/5.0 (Windows NT 10.0; Win64; x64) AppleWebKit/537.36 (KHTML, like Gecko) Chrome/83.0.4103.97 Safari/537.36', '127.0.0.1', 1, NULL, '2020-06-16 16:29:51', '2020-06-16 16:29:51'),
(574, 'Đăng xuất', NULL, 'Mozilla/5.0 (Windows NT 10.0; Win64; x64) AppleWebKit/537.36 (KHTML, like Gecko) Chrome/83.0.4103.97 Safari/537.36', '127.0.0.1', 1, NULL, '2020-06-16 16:37:09', '2020-06-16 16:37:09'),
(575, 'Đăng nhập', NULL, 'Mozilla/5.0 (Windows NT 10.0; Win64; x64) AppleWebKit/537.36 (KHTML, like Gecko) Chrome/83.0.4103.97 Safari/537.36', '127.0.0.1', 1, NULL, '2020-06-16 16:41:33', '2020-06-16 16:41:33'),
(576, 'Đăng xuất', NULL, 'Mozilla/5.0 (Windows NT 10.0; Win64; x64) AppleWebKit/537.36 (KHTML, like Gecko) Chrome/83.0.4103.97 Safari/537.36', '127.0.0.1', 1, NULL, '2020-06-16 16:52:29', '2020-06-16 16:52:29'),
(577, 'Đăng nhập', NULL, 'Mozilla/5.0 (Windows NT 10.0; Win64; x64) AppleWebKit/537.36 (KHTML, like Gecko) Chrome/83.0.4103.97 Safari/537.36', '127.0.0.1', 1, NULL, '2020-06-16 16:53:10', '2020-06-16 16:53:10'),
(578, 'Xóa bài viết', NULL, 'Mozilla/5.0 (Windows NT 10.0; Win64; x64) AppleWebKit/537.36 (KHTML, like Gecko) Chrome/83.0.4103.97 Safari/537.36', '127.0.0.1', 1, NULL, '2020-06-16 17:23:23', '2020-06-16 17:23:23'),
(579, 'Xóa comment', NULL, 'Mozilla/5.0 (Windows NT 10.0; Win64; x64) AppleWebKit/537.36 (KHTML, like Gecko) Chrome/83.0.4103.97 Safari/537.36', '127.0.0.1', 1, 252, '2020-06-16 17:46:33', '2020-06-16 17:46:33'),
(580, 'Tạo mới bài viết', NULL, 'Mozilla/5.0 (Windows NT 10.0; Win64; x64) AppleWebKit/537.36 (KHTML, like Gecko) Chrome/83.0.4103.97 Safari/537.36', '127.0.0.1', 1, 269, '2020-06-16 17:48:20', '2020-06-16 17:48:20'),
(581, 'Thích bài viết', NULL, 'Mozilla/5.0 (Windows NT 10.0; Win64; x64) AppleWebKit/537.36 (KHTML, like Gecko) Chrome/83.0.4103.97 Safari/537.36', '127.0.0.1', 1, 269, '2020-06-16 17:48:26', '2020-06-16 17:48:26'),
(582, 'Comment bài viết', 'woa, kiến thức rất tuyệt vời', 'Mozilla/5.0 (Windows NT 10.0; Win64; x64) AppleWebKit/537.36 (KHTML, like Gecko) Chrome/83.0.4103.97 Safari/537.36', '127.0.0.1', 1, 269, '2020-06-16 17:48:45', '2020-06-16 17:48:45'),
(583, 'Đăng nhập', NULL, 'Mozilla/5.0 (Windows NT 10.0; Win64; x64) AppleWebKit/537.36 (KHTML, like Gecko) Chrome/83.0.4103.97 Safari/537.36', '127.0.0.1', 5, NULL, '2020-06-16 17:49:00', '2020-06-16 17:49:00'),
(584, 'Thích bài viết', NULL, 'Mozilla/5.0 (Windows NT 10.0; Win64; x64) AppleWebKit/537.36 (KHTML, like Gecko) Chrome/83.0.4103.97 Safari/537.36', '127.0.0.1', 5, 269, '2020-06-16 17:49:07', '2020-06-16 17:49:07'),
(585, 'Comment bài viết', 'mình mới học một ít kiến thức cơ bản của html nè :))', 'Mozilla/5.0 (Windows NT 10.0; Win64; x64) AppleWebKit/537.36 (KHTML, like Gecko) Chrome/83.0.4103.97 Safari/537.36', '127.0.0.1', 5, 269, '2020-06-16 17:49:32', '2020-06-16 17:49:32'),
(598, 'Xóa bài viết', NULL, 'Mozilla/5.0 (Windows NT 10.0; Win64; x64) AppleWebKit/537.36 (KHTML, like Gecko) Chrome/83.0.4103.97 Safari/537.36', '127.0.0.1', 2, NULL, '2020-06-17 12:06:05', '2020-06-17 12:06:05'),
(599, 'Thích bài viết', NULL, 'Mozilla/5.0 (Windows NT 10.0; Win64; x64) AppleWebKit/537.36 (KHTML, like Gecko) Chrome/83.0.4103.97 Safari/537.36', '127.0.0.1', 2, 157, '2020-06-17 12:09:05', '2020-06-17 12:09:05'),
(600, 'Đăng xuất', NULL, 'Mozilla/5.0 (Windows NT 10.0; Win64; x64) AppleWebKit/537.36 (KHTML, like Gecko) Chrome/83.0.4103.97 Safari/537.36', '127.0.0.1', 2, NULL, '2020-06-17 12:09:32', '2020-06-17 12:09:32'),
(601, 'Đăng nhập', NULL, 'Mozilla/5.0 (Windows NT 10.0; Win64; x64) AppleWebKit/537.36 (KHTML, like Gecko) Chrome/83.0.4103.97 Safari/537.36', '127.0.0.1', 1, NULL, '2020-06-17 12:09:37', '2020-06-17 12:09:37'),
(602, 'Hủy thích bài viết', NULL, 'Mozilla/5.0 (Windows NT 10.0; Win64; x64) AppleWebKit/537.36 (KHTML, like Gecko) Chrome/83.0.4103.97 Safari/537.36', '127.0.0.1', 1, 252, '2020-06-17 12:11:03', '2020-06-17 12:11:03'),
(603, 'Xóa bài viết', NULL, 'Mozilla/5.0 (Windows NT 10.0; Win64; x64) AppleWebKit/537.36 (KHTML, like Gecko) Chrome/83.0.4103.97 Safari/537.36', '127.0.0.1', 1, NULL, '2020-06-17 12:11:12', '2020-06-17 12:11:12'),
(604, 'Xóa bài viết', NULL, 'Mozilla/5.0 (Windows NT 10.0; Win64; x64) AppleWebKit/537.36 (KHTML, like Gecko) Chrome/83.0.4103.97 Safari/537.36', '127.0.0.1', 1, NULL, '2020-06-17 12:11:24', '2020-06-17 12:11:24'),
(620, 'Đăng nhập', NULL, 'Mozilla/5.0 (Windows NT 10.0; Win64; x64; rv:77.0) Gecko/20100101 Firefox/77.0', '127.0.0.1', 5, NULL, '2020-06-17 12:34:30', '2020-06-17 12:34:30'),
(621, 'Đăng nhập', NULL, 'Mozilla/5.0 (Windows NT 10.0; Win64; x64) AppleWebKit/537.36 (KHTML, like Gecko) Chrome/83.0.4103.97 Safari/537.36', '127.0.0.1', 1, NULL, '2020-06-17 12:34:41', '2020-06-17 12:34:41'),
(622, 'Đăng nhập', NULL, 'Mozilla/5.0 (Windows NT 10.0; Win64; x64) AppleWebKit/537.36 (KHTML, like Gecko) Chrome/83.0.4103.97 Safari/537.36 Edg/83.0.478.50', '127.0.0.1', 2, NULL, '2020-06-17 12:43:15', '2020-06-17 12:43:15'),
(623, 'Đăng nhập', NULL, 'Mozilla/5.0 (Windows NT 10.0; Win64; x64) AppleWebKit/537.36 (KHTML, like Gecko) Chrome/83.0.4103.97 Safari/537.36', '127.0.0.1', 11, NULL, '2020-06-18 02:20:32', '2020-06-18 02:20:32'),
(624, 'Tạo mới bài viết', NULL, 'Mozilla/5.0 (Windows NT 10.0; Win64; x64) AppleWebKit/537.36 (KHTML, like Gecko) Chrome/83.0.4103.97 Safari/537.36', '127.0.0.1', 11, 270, '2020-06-18 02:22:02', '2020-06-18 02:22:02'),
(625, 'Đăng nhập', NULL, 'Mozilla/5.0 (Windows NT 10.0; Win64; x64) AppleWebKit/537.36 (KHTML, like Gecko) Chrome/83.0.4103.106 Safari/537.36', '127.0.0.1', 1, NULL, '2020-06-18 02:23:22', '2020-06-18 02:23:22'),
(626, 'Thích bài viết', NULL, 'Mozilla/5.0 (Windows NT 10.0; Win64; x64) AppleWebKit/537.36 (KHTML, like Gecko) Chrome/83.0.4103.106 Safari/537.36', '127.0.0.1', 1, 270, '2020-06-18 02:24:06', '2020-06-18 02:24:06'),
(627, 'Hủy thích bài viết', NULL, 'Mozilla/5.0 (Windows NT 10.0; Win64; x64) AppleWebKit/537.36 (KHTML, like Gecko) Chrome/83.0.4103.106 Safari/537.36', '127.0.0.1', 1, 270, '2020-06-18 02:24:16', '2020-06-18 02:24:16'),
(628, 'Comment bài viết', 'đây là cái comment của tui', 'Mozilla/5.0 (Windows NT 10.0; Win64; x64) AppleWebKit/537.36 (KHTML, like Gecko) Chrome/83.0.4103.106 Safari/537.36', '127.0.0.1', 1, 270, '2020-06-18 02:25:06', '2020-06-18 02:25:06'),
(629, 'Comment bài viết', 'tự comment bài viết', 'Mozilla/5.0 (Windows NT 10.0; Win64; x64) AppleWebKit/537.36 (KHTML, like Gecko) Chrome/83.0.4103.97 Safari/537.36', '127.0.0.1', 11, 270, '2020-06-18 02:25:42', '2020-06-18 02:25:42'),
(630, 'Xóa bài viết', NULL, 'Mozilla/5.0 (Windows NT 10.0; Win64; x64) AppleWebKit/537.36 (KHTML, like Gecko) Chrome/83.0.4103.97 Safari/537.36', '127.0.0.1', 11, NULL, '2020-06-18 02:26:53', '2020-06-18 02:26:53'),
(631, 'Đăng nhập', NULL, 'Mozilla/5.0 (Windows NT 10.0; Win64; x64) AppleWebKit/537.36 (KHTML, like Gecko) Chrome/83.0.4103.106 Safari/537.36', '127.0.0.1', 1, NULL, '2020-06-18 02:39:03', '2020-06-18 02:39:03'),
(632, 'Đăng xuất', NULL, 'Mozilla/5.0 (Windows NT 10.0; Win64; x64) AppleWebKit/537.36 (KHTML, like Gecko) Chrome/83.0.4103.106 Safari/537.36', '127.0.0.1', 1, NULL, '2020-06-18 02:39:17', '2020-06-18 02:39:17'),
(633, 'Đăng nhập', NULL, 'Mozilla/5.0 (Windows NT 10.0; Win64; x64) AppleWebKit/537.36 (KHTML, like Gecko) Chrome/83.0.4103.116 Safari/537.36', '127.0.0.1', 1, NULL, '2020-06-24 08:50:04', '2020-06-24 08:50:04'),
(634, 'Hủy thích bài viết', NULL, 'Mozilla/5.0 (Windows NT 10.0; Win64; x64) AppleWebKit/537.36 (KHTML, like Gecko) Chrome/83.0.4103.116 Safari/537.36', '127.0.0.1', 1, 269, '2020-06-24 08:51:24', '2020-06-24 08:51:24'),
(635, 'Thích bài viết', NULL, 'Mozilla/5.0 (Windows NT 10.0; Win64; x64) AppleWebKit/537.36 (KHTML, like Gecko) Chrome/83.0.4103.116 Safari/537.36', '127.0.0.1', 1, 269, '2020-06-24 08:51:25', '2020-06-24 08:51:25'),
(636, 'Đăng nhập', NULL, 'Mozilla/5.0 (Windows NT 10.0; Win64; x64) AppleWebKit/537.36 (KHTML, like Gecko) Chrome/83.0.4103.116 Safari/537.36', '127.0.0.1', 1, NULL, '2020-06-28 03:29:11', '2020-06-28 03:29:11'),
(637, 'Tạo mới bài viết', NULL, 'Mozilla/5.0 (Windows NT 10.0; Win64; x64) AppleWebKit/537.36 (KHTML, like Gecko) Chrome/83.0.4103.116 Safari/537.36', '127.0.0.1', 1, 271, '2020-06-28 04:02:03', '2020-06-28 04:02:03'),
(638, 'Xóa bài viết', NULL, 'Mozilla/5.0 (Windows NT 10.0; Win64; x64) AppleWebKit/537.36 (KHTML, like Gecko) Chrome/83.0.4103.116 Safari/537.36', '127.0.0.1', 1, NULL, '2020-06-28 07:41:40', '2020-06-28 07:41:40'),
(639, 'Tạo mới bài viết', NULL, 'Mozilla/5.0 (Windows NT 10.0; Win64; x64) AppleWebKit/537.36 (KHTML, like Gecko) Chrome/83.0.4103.116 Safari/537.36', '127.0.0.1', 1, 272, '2020-06-28 07:41:48', '2020-06-28 07:41:48'),
(640, 'Xóa bài viết', NULL, 'Mozilla/5.0 (Windows NT 10.0; Win64; x64) AppleWebKit/537.36 (KHTML, like Gecko) Chrome/83.0.4103.116 Safari/537.36', '127.0.0.1', 1, NULL, '2020-06-28 08:00:58', '2020-06-28 08:00:58'),
(641, 'Tạo mới bài viết', NULL, 'Mozilla/5.0 (Windows NT 10.0; Win64; x64) AppleWebKit/537.36 (KHTML, like Gecko) Chrome/83.0.4103.116 Safari/537.36', '127.0.0.1', 1, 273, '2020-06-28 08:01:14', '2020-06-28 08:01:14'),
(642, 'Xóa bài viết', NULL, 'Mozilla/5.0 (Windows NT 10.0; Win64; x64) AppleWebKit/537.36 (KHTML, like Gecko) Chrome/83.0.4103.116 Safari/537.36', '127.0.0.1', 1, NULL, '2020-06-28 08:01:45', '2020-06-28 08:01:45'),
(643, 'Đăng nhập', NULL, 'Mozilla/5.0 (Windows NT 10.0; Win64; x64) AppleWebKit/537.36 (KHTML, like Gecko) Chrome/83.0.4103.116 Safari/537.36', '127.0.0.1', 1, NULL, '2020-06-28 14:03:59', '2020-06-28 14:03:59'),
(644, 'Đăng nhập', NULL, 'Mozilla/5.0 (Windows NT 10.0; Win64; x64) AppleWebKit/537.36 (KHTML, like Gecko) Chrome/83.0.4103.116 Safari/537.36', '127.0.0.1', 1, NULL, '2020-07-02 19:04:35', '2020-07-02 19:04:35'),
(645, 'Thích bài viết', NULL, 'Mozilla/5.0 (Windows NT 10.0; Win64; x64) AppleWebKit/537.36 (KHTML, like Gecko) Chrome/83.0.4103.116 Safari/537.36', '127.0.0.1', 1, 252, '2020-07-02 19:08:10', '2020-07-02 19:08:10'),
(646, 'Hủy thích bài viết', NULL, 'Mozilla/5.0 (Windows NT 10.0; Win64; x64) AppleWebKit/537.36 (KHTML, like Gecko) Chrome/83.0.4103.116 Safari/537.36', '127.0.0.1', 1, 252, '2020-07-02 19:08:12', '2020-07-02 19:08:12'),
(647, 'Hủy thích bài viết', NULL, 'Mozilla/5.0 (Windows NT 10.0; Win64; x64) AppleWebKit/537.36 (KHTML, like Gecko) Chrome/83.0.4103.116 Safari/537.36', '127.0.0.1', 1, 269, '2020-07-02 19:08:25', '2020-07-02 19:08:25'),
(648, 'Thích bài viết', NULL, 'Mozilla/5.0 (Windows NT 10.0; Win64; x64) AppleWebKit/537.36 (KHTML, like Gecko) Chrome/83.0.4103.116 Safari/537.36', '127.0.0.1', 1, 269, '2020-07-02 19:08:30', '2020-07-02 19:08:30'),
(649, 'Đăng nhập', NULL, 'Mozilla/5.0 (Windows NT 10.0; Win64; x64) AppleWebKit/537.36 (KHTML, like Gecko) Chrome/83.0.4103.116 Safari/537.36', '127.0.0.1', 1, NULL, '2020-07-07 03:17:03', '2020-07-07 03:17:03');

-- --------------------------------------------------------

--
-- Table structure for table `users`
--

CREATE TABLE `users` (
  `id` bigint(20) UNSIGNED NOT NULL,
  `email` varchar(191) COLLATE utf8mb4_unicode_ci NOT NULL,
  `password` varchar(191) COLLATE utf8mb4_unicode_ci NOT NULL,
  `name` varchar(30) COLLATE utf8mb4_unicode_ci NOT NULL,
  `address` varchar(191) COLLATE utf8mb4_unicode_ci DEFAULT NULL,
  `avatar` varchar(191) COLLATE utf8mb4_unicode_ci NOT NULL DEFAULT 'noImage.png',
  `cover_image` varchar(191) COLLATE utf8mb4_unicode_ci NOT NULL DEFAULT 'noImage',
  `birthday` date DEFAULT NULL,
  `phone_number` varchar(191) COLLATE utf8mb4_unicode_ci DEFAULT NULL,
  `type` varchar(191) COLLATE utf8mb4_unicode_ci NOT NULL DEFAULT 'user',
  `email_verified_at` timestamp NULL DEFAULT NULL,
  `remember_token` varchar(100) COLLATE utf8mb4_unicode_ci DEFAULT NULL,
  `created_at` timestamp NULL DEFAULT NULL,
  `updated_at` timestamp NULL DEFAULT NULL
) ENGINE=InnoDB DEFAULT CHARSET=utf8mb4 COLLATE=utf8mb4_unicode_ci;

--
-- Dumping data for table `users`
--

INSERT INTO `users` (`id`, `email`, `password`, `name`, `address`, `avatar`, `cover_image`, `birthday`, `phone_number`, `type`, `email_verified_at`, `remember_token`, `created_at`, `updated_at`) VALUES
(1, 'nbhson43@gmail.com', '$2y$10$iN.N/RydalbIBDewrPoIEOLG.0waTqWaqt3FMkCgfjIp2uQcV.g3C', 'Sơn Nguyễn', 'Châu Thành - An Giang', 'uy0xop2gtb1v2Yqy1592988826.jpg', 'vVdZxcERaBcGxgff1592988767.jpg', '1998-04-03', '0766899363', 'user', NULL, 'tQu4GqbOUhJPEMT8yB8P0mlY1mWbUUxQWzBK6CWeNZGsoDIEcQPZb2jpkXMa', '2020-03-28 05:32:54', '2020-06-24 08:53:46'),
(2, 'user4@gmail.com', '$2y$10$klIMkfWvP7IKftrv2Xycl.boig8RasoIBCTAN1vzB4UBq96/VXqMK', 'User 4', 'Vĩnh Long', 'tfevORwhQ3zF4aTA1591876283.jpg', 'noImage', '1998-06-09', '114', 'user', NULL, NULL, '2020-03-29 03:07:56', '2020-06-11 11:51:23'),
(3, 'user1@gmail.com', '$2y$10$ssMtdXjM4Y7h9TqXTLdhP.ITwANUDdPdVrnFRAxJqpe5GSvaPikTm', 'User 1', 'Ninh Kiều - Cần Thơ', 'mkaYCo6oGkCHarBb1585749244.jpg', 'noImage', '2014-06-18', '115', 'user', NULL, NULL, '2020-04-01 13:53:43', '2020-04-25 03:59:21'),
(4, 'user2@gmail.com', '$2y$10$o0LV4LEuLjQWO3sbY.V9xuuh4AEA9P0JZYgPExGtuvbArn4XcNXpy', 'User 2', 'Cần Thơ', 'z1EdViNhD1sAhOjz1591763861.png', 'noImage', '2020-04-25', '116', 'user', NULL, NULL, '2020-04-25 03:42:11', '2020-06-10 04:37:42'),
(5, 'user3@gmail.com', '$2y$10$9Rn9D3NuhgnjXFaN5jTSAeoqmQarhqwJk2j0IbyiIPQPe4JjBjcke', 'User 3', 'Cà Mau', 'VOx0rAx5xWc9jE0T1587911299.jpg', 'noImage', '2020-05-31', '117', 'user', NULL, NULL, '2020-04-25 03:50:34', '2020-06-02 04:24:14'),
(6, 'admin@gmail.com', '$2y$10$o0LV4LEuLjQWO3sbY.V9xuuh4AEA9P0JZYgPExGtuvbArn4XcNXpy', 'Người Thích Đùa', 'admin', 'noImage.png', 'noImage', '2020-05-16', '9988776655', 'admin', NULL, NULL, '2020-05-15 17:00:00', '2020-05-15 17:00:00'),
(7, 'user5@gmail.com', '$2y$10$qIPlcEQnvH5KQ3/TENYRdOGabuWoxxKxpzIdadtqKj8UpBrc31EUu', 'User 5', NULL, 'noImage.png', 'noImage', NULL, NULL, 'user', NULL, NULL, '2020-06-10 16:43:37', '2020-06-10 16:43:37'),
(8, 'user7@gmail.com', '$2y$10$FvN0mKTCtUb3A1KffF8O3ulYMiPajlDhGKqoK8BiwBKBUV7jL5AEW', 'User 7', NULL, 'noImage.png', 'noImage', NULL, NULL, 'user', NULL, NULL, '2020-06-14 16:45:40', '2020-06-14 16:45:40'),
(9, 'user6@gmail.com', '$2y$10$QLib0f6kczlvaxH.qJFc7OCipeHKxOX8pXZnaouNIQwyaMhSbOqB2', 'User 6', NULL, 'noImage.png', 'noImage', NULL, NULL, 'user', NULL, NULL, '2020-06-16 05:13:56', '2020-06-16 05:13:56'),
(10, 'user8@gmail.com', '$2y$10$LRJqNvPpunsakHKyxQgQFuEFde78YK81lPhxKDH8PttNjwK2XFoXq', 'User 8', NULL, 'noImage.png', 'noImage', NULL, NULL, 'user', NULL, NULL, '2020-06-17 12:04:10', '2020-06-17 12:04:10'),
(11, 'mrken@gmail.com', '$2y$10$MnLKKgHSVA8//V7VukyYHu0fLASwW88dB4x0iwxLQ39l2WAs7t8.y', 'Thầy Cường', NULL, 'noImage.png', 'noImage', NULL, NULL, 'user', NULL, NULL, '2020-06-18 02:20:32', '2020-06-18 02:20:32');

-- --------------------------------------------------------

--
-- Table structure for table `user_of_groups`
--

CREATE TABLE `user_of_groups` (
  `id` bigint(20) UNSIGNED NOT NULL,
  `user_id` int(11) NOT NULL,
  `group_id` int(11) NOT NULL,
  `created_at` timestamp NULL DEFAULT NULL,
  `updated_at` timestamp NULL DEFAULT NULL
) ENGINE=InnoDB DEFAULT CHARSET=utf8mb4 COLLATE=utf8mb4_unicode_ci;

--
-- Dumping data for table `user_of_groups`
--

INSERT INTO `user_of_groups` (`id`, `user_id`, `group_id`, `created_at`, `updated_at`) VALUES
(28, 3, 11, '2020-04-05 07:17:46', '2020-04-05 07:17:46'),
(34, 1, 12, '2020-04-06 13:40:28', '2020-04-06 13:40:28'),
(91, 4, 36, '2020-04-27 11:30:44', '2020-04-27 11:30:44'),
(94, 3, 36, '2020-05-02 12:23:18', '2020-05-02 12:23:18');

--
-- Indexes for dumped tables
--

--
-- Indexes for table `comments_post_parents`
--
ALTER TABLE `comments_post_parents`
  ADD PRIMARY KEY (`id`);

--
-- Indexes for table `friends`
--
ALTER TABLE `friends`
  ADD PRIMARY KEY (`id`);

--
-- Indexes for table `friend_messages`
--
ALTER TABLE `friend_messages`
  ADD PRIMARY KEY (`id`);

--
-- Indexes for table `groups`
--
ALTER TABLE `groups`
  ADD PRIMARY KEY (`id`);

--
-- Indexes for table `group_messages`
--
ALTER TABLE `group_messages`
  ADD PRIMARY KEY (`id`);

--
-- Indexes for table `likes`
--
ALTER TABLE `likes`
  ADD PRIMARY KEY (`id`);

--
-- Indexes for table `migrations`
--
ALTER TABLE `migrations`
  ADD PRIMARY KEY (`id`);

--
-- Indexes for table `password_resets`
--
ALTER TABLE `password_resets`
  ADD KEY `password_resets_email_index` (`email`);

--
-- Indexes for table `posts`
--
ALTER TABLE `posts`
  ADD PRIMARY KEY (`id`);

--
-- Indexes for table `tracking_users`
--
ALTER TABLE `tracking_users`
  ADD PRIMARY KEY (`id`);

--
-- Indexes for table `users`
--
ALTER TABLE `users`
  ADD PRIMARY KEY (`id`),
  ADD UNIQUE KEY `users_email_unique` (`email`);

--
-- Indexes for table `user_of_groups`
--
ALTER TABLE `user_of_groups`
  ADD PRIMARY KEY (`id`);

--
-- AUTO_INCREMENT for dumped tables
--

--
-- AUTO_INCREMENT for table `comments_post_parents`
--
ALTER TABLE `comments_post_parents`
  MODIFY `id` bigint(20) UNSIGNED NOT NULL AUTO_INCREMENT, AUTO_INCREMENT=133;

--
-- AUTO_INCREMENT for table `friends`
--
ALTER TABLE `friends`
  MODIFY `id` bigint(20) UNSIGNED NOT NULL AUTO_INCREMENT, AUTO_INCREMENT=66;

--
-- AUTO_INCREMENT for table `friend_messages`
--
ALTER TABLE `friend_messages`
  MODIFY `id` bigint(20) UNSIGNED NOT NULL AUTO_INCREMENT, AUTO_INCREMENT=344;

--
-- AUTO_INCREMENT for table `groups`
--
ALTER TABLE `groups`
  MODIFY `id` bigint(20) UNSIGNED NOT NULL AUTO_INCREMENT, AUTO_INCREMENT=45;

--
-- AUTO_INCREMENT for table `group_messages`
--
ALTER TABLE `group_messages`
  MODIFY `id` bigint(20) UNSIGNED NOT NULL AUTO_INCREMENT, AUTO_INCREMENT=713;

--
-- AUTO_INCREMENT for table `likes`
--
ALTER TABLE `likes`
  MODIFY `id` bigint(20) UNSIGNED NOT NULL AUTO_INCREMENT, AUTO_INCREMENT=282;

--
-- AUTO_INCREMENT for table `migrations`
--
ALTER TABLE `migrations`
  MODIFY `id` int(10) UNSIGNED NOT NULL AUTO_INCREMENT, AUTO_INCREMENT=18;

--
-- AUTO_INCREMENT for table `posts`
--
ALTER TABLE `posts`
  MODIFY `id` bigint(20) UNSIGNED NOT NULL AUTO_INCREMENT, AUTO_INCREMENT=274;

--
-- AUTO_INCREMENT for table `tracking_users`
--
ALTER TABLE `tracking_users`
  MODIFY `id` bigint(20) UNSIGNED NOT NULL AUTO_INCREMENT, AUTO_INCREMENT=650;

--
-- AUTO_INCREMENT for table `users`
--
ALTER TABLE `users`
  MODIFY `id` bigint(20) UNSIGNED NOT NULL AUTO_INCREMENT, AUTO_INCREMENT=12;

--
-- AUTO_INCREMENT for table `user_of_groups`
--
ALTER TABLE `user_of_groups`
  MODIFY `id` bigint(20) UNSIGNED NOT NULL AUTO_INCREMENT, AUTO_INCREMENT=106;
COMMIT;

/*!40101 SET CHARACTER_SET_CLIENT=@OLD_CHARACTER_SET_CLIENT */;
/*!40101 SET CHARACTER_SET_RESULTS=@OLD_CHARACTER_SET_RESULTS */;
/*!40101 SET COLLATION_CONNECTION=@OLD_COLLATION_CONNECTION */;
